particle,,dframe,dx,dy,step_len
0,0,1,-0.26229477,-0.81581116,0.85694015
0,1,1,0.22354889,0.040668488,0.22721803
0,2,1,0.18676758,0.092796326,0.20855044
0,3,1,-0.23851013,-0.2611313,0.35366175
0,4,1,0.34134483,-0.8604641,0.9256969
1,0,1,0.45781326,0.6306076,0.7792682
1,1,1,-0.87579536,-1.4142971,1.6635065
1,2,1,0.39145088,0.6173744,0.7310164
1,3,1,-0.067466736,-0.65127754,0.65476274
1,4,1,-0.34087944,0.41740036,0.538908
1,5,1,0.3595543,-0.009353638,0.3596759
1,6,1,0.23390388,0.26341057,0.35227284
1,7,1,-0.22092628,-0.029504776,0.22288777
1,8,1,-0.3009796,0.013221741,0.3012699
1,9,1,0.22182655,-0.22189331,0.31375733
1,10,1,-0.054447174,-0.008951187,0.05517806
1,11,1,0.18084717,0.3487816,0.3928795
1,12,1,-0.08813858,-0.32993317,0.341503
1,13,1,-0.043193817,-0.21619034,0.22046308
1,14,1,0.28562737,0.24251175,0.37469313
1,15,1,0.23758316,-0.0690918,0.24742562
1,16,1,-0.038541794,-0.03805542,0.0541635
1,17,1,-0.13803864,-0.039253235,0.14351125
1,18,1,0.013471603,0.25227547,0.2526349
5,0,1,-0.08548164,0.24481201,0.25930682
5,1,1,0.65685844,-0.3828354,0.7602802
5,2,1,-0.23002052,0.29268074,0.37225187
5,3,1,-0.20266724,-0.4746189,0.5160786
5,4,1,0.046783447,-0.012191772,0.048345942
5,5,1,0.14847183,-0.28285408,0.31945315
6,0,1,0.0037670135,0.07816315,0.07825387
6,1,1,-0.18377686,-0.098163605,0.20835073
7,0,1,-0.18225479,-0.07880783,0.19856355
7,1,1,-0.036994934,-0.008752823,0.03801627
7,2,1,0.023399353,0.12709045,0.1292266
7,3,1,0.10349083,0.109767914,0.15086202
7,4,1,0.046361923,-0.52939415,0.53142035
7,5,1,-0.36389732,-0.07418442,0.371382
7,6,1,0.26296997,0.099378586,0.28112152
9,0,1,0.42320633,-0.022396088,0.42379853
9,1,1,-0.37110138,0.5824528,0.6906283
9,2,1,0.30332184,-0.57828903,0.65301025
9,3,1,0.04903221,0.1506958,0.15847202
9,4,1,-0.12760544,-0.68367004,0.6954767
9,5,1,0.16002655,0.20928192,0.2634529
9,6,1,-0.114112854,-0.17891312,0.21220662
9,7,1,0.0019054413,-0.1355381,0.1355515
9,8,1,-0.028741837,0.22944832,0.2312415
18,0,1,0.09487343,0.38145638,0.39307752
18,1,1,0.032398224,-0.19192123,0.1946366
18,2,1,0.11026001,0.018892288,0.11186683
18,3,1,-0.66358566,0.29960442,0.7280857
18,4,1,0.121385574,0.48046303,0.49555945
18,5,1,0.06726265,0.117479324,0.13537228
18,6,1,0.08248711,-0.32204056,0.33243683
18,7,1,-0.16271019,-0.4866066,0.51308924
22,0,1,-0.15272713,-0.78678894,0.80147517
22,1,1,0.5677185,1.3160744,1.4333025
22,2,1,0.035308838,-0.14011383,0.14449428
22,3,1,-0.049261093,-0.17876053,0.18542379
22,4,1,-0.044742584,0.34693146,0.3498047
22,5,1,0.37553787,0.44917297,0.5854785
22,6,1,-0.22961426,-0.6072731,0.64923286
25,0,1,-0.14182472,-0.4756317,0.4963263
25,1,1,-0.5148716,-0.8858509,1.0246094
27,0,1,-0.5159836,-0.18302155,0.5474814
27,1,1,0.2301197,0.1865654,0.29624605
27,2,1,0.0045490265,0.26143646,0.26147604
27,3,1,0.19970703,-0.29605484,0.35711533
27,4,1,0.07459068,0.40086365,0.40774432
27,5,1,-0.34368324,-0.32961273,0.4761961
27,6,1,0.14580917,0.049884796,0.15410648
27,7,1,0.0644474,-0.23563385,0.24428831
27,8,1,-0.25357437,-0.13968277,0.2895017
27,9,1,0.26096153,0.42411423,0.4979697
30,0,1,0.5074539,0.6622658,0.8343293
30,1,1,0.1565876,-0.38598824,0.41654125
35,0,1,0.28606033,0.32030106,0.42944533
35,1,1,-0.34947968,-0.66579056,0.7519396
35,2,1,0.30874443,0.65922165,0.7279398
39,0,1,-0.29364777,-0.055669785,0.29887813
39,1,1,0.14805794,0.55492973,0.57434154
39,2,1,0.25806046,-0.31046104,0.40370938
39,3,1,-0.060655594,-0.18338585,0.1931566
39,4,1,0.119615555,0.30316925,0.32591328
39,5,1,-0.65096664,0.065704346,0.65427417
39,6,1,0.93005943,-0.7932358,1.2223885
41,0,1,-0.14643478,0.7086811,0.7236519
41,1,1,0.15361404,-0.51397705,0.5364417
41,2,1,0.15406036,-0.35194778,0.38418984
43,0,1,-0.17972183,0.008199692,0.17990878
43,1,1,0.2019844,-0.20152283,0.28532287
43,2,1,-0.22970581,-0.3249607,0.39795002
43,3,1,0.46889114,0.021728516,0.46939433
43,4,1,-0.1264286,-0.14814186,0.19475679
43,5,1,-0.23904228,-0.016260147,0.23959467
43,6,1,-0.08020401,-0.2516117,0.26408547
43,7,1,0.11441612,0.6918316,0.7012289
43,8,1,-0.24375343,0.012054443,0.2440513
44,0,1,-0.1934681,-0.40786743,0.45142636
44,1,1,0.37713814,0.74183655,0.8321987
53,0,1,-0.30145836,1.3091335,1.3433942
53,1,1,0.43644524,0.6007328,0.7425391
61,0,1,0.10243797,0.6736126,0.6813571
61,1,1,-0.112026215,-0.92396927,0.93073577
62,0,1,-0.26683235,-0.29047394,0.39442948
62,1,1,0.12719345,-0.6178436,0.6308002
62,2,1,-0.57045937,1.2422867,1.367004
62,3,1,0.39425087,-1.0102768,1.0844783
63,0,1,0.11398506,0.11936569,0.16504776
63,1,1,0.2305355,0.16371918,0.28275535
63,2,1,-0.22799683,-0.59152603,0.63394445
63,3,1,-0.17915535,-1.846756,1.8554256
63,4,1,0.38881493,-0.61961937,0.73150885
63,5,1,-0.18847275,1.6150551,1.6260151
68,0,1,-0.09725952,-1.3618679,1.3653364
68,1,1,-0.20873451,-0.7685127,0.79635537
68,2,1,-0.37462997,-1.7647343,1.8040607
68,3,1,0.30110168,0.6223316,0.6913457
69,0,1,-0.43517113,-1.0457687,1.1326987
69,1,1,0.22028351,1.4633904,1.479877
69,2,1,0.089473724,-0.19265366,0.21241699
69,3,1,-0.9417591,-1.1890221,1.5168004
69,4,1,0.114234924,0.1476326,0.18666816
69,5,1,0.54146004,1.1785431,1.2969744
74,0,1,0.39104843,0.023742676,0.39176854
74,1,1,-0.13713646,0.039518356,0.14271688
74,2,1,0.026762009,0.39785957,0.39875862
74,3,1,0.21847916,-0.058462143,0.2261658
74,4,1,-0.27470207,-0.19383621,0.33620486
74,5,1,-0.031742096,0.32541656,0.326961
75,0,1,-0.12944984,-1.4309387,1.4367821
75,1,1,0.16934586,0.8684559,0.8848128
75,2,1,-0.3885498,-0.60313225,0.7174535
75,3,1,-0.28557014,-1.0597763,1.0975775
77,0,1,0.21684456,-0.36045074,0.42064986
77,1,1,-0.007822037,0.08806229,0.088409
77,2,1,-0.029973984,0.0004196167,0.029976921
77,3,1,-0.23949432,-0.01845932,0.24020465
77,4,1,-0.15518951,-0.2034874,0.25591192
77,5,1,0.31557083,0.6180458,0.6939493
77,6,1,0.5775757,-0.092689514,0.5849658
77,7,1,-0.97312546,-0.2787094,1.012251
77,8,1,0.13472939,-0.082901,0.1581916
77,9,1,0.09819412,0.22897339,0.24914032
82,0,1,0.07645416,-0.7329731,0.7369497
82,1,1,0.42007256,0.075927734,0.42687935
83,0,1,0.19685364,0.0027675629,0.1968731
83,1,1,-0.27206802,0.721405,0.77100337
85,0,1,0.515728,0.8751278,1.0157874
85,1,1,0.07313347,-0.3042183,0.3128854
85,2,1,-0.8595772,0.5674534,1.0299885
85,3,1,0.022190094,0.18079185,0.18214855
85,4,1,0.35544968,-0.5938759,0.69212216
85,5,1,0.15493011,-0.96487236,0.9772318
85,6,1,-0.10406113,0.5669708,0.57644135
85,7,1,-0.41495895,1.0054474,1.0877111
90,0,1,0.23485756,-0.4360428,0.495269
90,1,1,-0.11959076,0.9316826,0.9393266
92,0,1,0.14652443,-0.045230865,0.15334679
92,1,1,-0.3147354,-0.73490906,0.7994684
92,2,1,0.15645218,0.76498795,0.7808226
103,0,1,0.5017586,0.26481247,0.56735116
103,1,1,-0.11506462,-0.5890446,0.60017776
103,2,1,0.16716385,0.10799599,0.19901478
103,3,1,0.24698448,-0.35483742,0.43233195
103,4,1,-0.38347054,-0.36773682,0.5313003
103,5,1,0.0382843,0.32935715,0.33157477
103,6,1,0.14269829,0.6614895,0.6767061
103,7,1,-0.32473755,-0.16724014,0.36527216
103,8,1,0.012289047,-0.12378502,0.12439354
105,0,1,0.04276657,1.1857243,1.1864953
105,1,1,-0.39743614,-0.29850006,0.49704906
105,2,1,0.24924469,-0.90367126,0.9374139
106,0,1,0.08972359,0.040103912,0.09827841
106,1,1,-0.086769104,-0.015213013,0.08809264
107,0,1,-0.26973343,0.66230965,0.7151295
107,1,1,0.53953743,0.1723175,0.56638676
107,2,1,-0.041240692,0.3872757,0.38946533
107,3,1,0.019739151,-0.29045296,0.2911229
107,4,1,-0.3527012,-0.474535,0.59125423
107,5,1,0.23533821,0.3244419,0.40080747
107,6,1,-0.39258957,-1.5819588,1.6299448
107,7,1,0.6068077,1.7110558,1.8154689
107,8,1,-0.15365791,0.7034626,0.7200489
107,9,1,0.013031006,-1.0087128,1.0087969
107,10,1,-0.08716965,0.6237755,0.6298368
107,11,1,0.042352676,-0.31819344,0.3209997
107,12,1,0.17048264,0.5550251,0.58061796
107,13,1,-0.009077072,0.10036278,0.10077242
107,14,1,-0.10094452,-0.120018005,0.15682511
108,0,1,-0.19755363,-0.60533524,0.636756
108,1,1,0.29553032,0.18394852,0.34810233
108,2,1,-0.14669609,0.22882462,0.27180958
108,3,1,0.02176857,0.6602745,0.6606332
108,4,1,0.26294136,-0.19797516,0.32913876
108,5,1,-0.12480545,-0.23542404,0.2664599
108,6,1,0.035699844,0.17902756,0.18255231
108,7,1,0.0995388,-0.12767029,0.16188784
108,8,1,-0.15026474,-0.05699539,0.16071083
108,9,1,-0.14401245,0.3068657,0.33897808
108,10,1,0.3206768,-0.10705185,0.33807352
109,0,1,0.089920044,0.47878075,0.48715153
109,1,1,0.40341377,-0.44722748,0.6022915
110,0,1,-0.21677971,0.20672798,0.2995495
110,1,1,0.043130875,-0.2033062,0.2078309
110,2,1,-0.26606178,0.46886444,0.5390944
110,3,1,0.11351395,-0.13293457,0.17480566
110,4,1,0.09421539,-0.062763214,0.11320672
110,5,1,0.09062958,0.10004425,0.134991
110,6,1,0.11470795,-0.023633957,0.11711737
110,7,1,-0.17610359,-0.12805367,0.21773887
110,8,1,-0.06267357,-0.14714813,0.1599392
110,9,1,-0.24864578,0.39364052,0.46559379
110,10,1,0.10416412,-0.23432922,0.2564378
110,11,1,1.0196877,0.009153366,1.0197287
112,0,1,-0.26289177,-0.7170067,0.7636823
112,1,1,0.24354362,0.53980255,0.59219956
112,2,1,0.14546776,0.37904358,0.40599865
112,3,1,0.025844574,0.85186386,0.8522558
112,4,1,0.25169563,0.40883255,0.4800987
112,5,1,0.08912659,-0.12619781,0.15449737
112,6,1,0.06710625,0.31321335,0.32032147
112,7,1,0.18528938,-0.057086945,0.19388418
112,8,1,0.370039,0.5013733,0.62314045
112,9,1,-0.3336239,-0.28697205,0.44006574
112,10,1,-0.22061539,0.18463135,0.28768018
113,0,1,0.100486755,0.36624718,0.3797823
113,1,1,-0.4391613,-0.969553,1.0643758
113,2,1,-0.017402649,0.4539852,0.45431864
113,3,1,0.29603386,-0.3196869,0.43570146
113,4,1,-0.37877846,-0.48446274,0.6149612
113,5,1,0.14865494,0.5340748,0.5543773
113,6,1,-0.035196304,-0.47089005,0.47220355
113,7,1,0.29026413,0.9405575,0.98432803
116,0,1,-0.10162735,0.27520752,0.29337227
116,1,1,0.114479065,-0.03489685,0.119679764
116,2,1,0.08228111,0.41388893,0.42198843
116,3,1,-0.26420784,-0.019399643,0.2649191
116,4,1,-0.13630867,-0.38879013,0.4119925
119,0,1,-0.39643288,-0.4907341,0.63085574
119,1,1,-0.0066890717,-0.26525307,0.2653374
120,0,1,-0.1166172,-0.31241608,0.33347172
120,1,1,0.5412617,-0.089580536,0.5486245
120,2,1,-0.3040676,0.3180809,0.440037
120,3,1,-0.34202576,-0.42233658,0.54346097
120,4,1,1.1037941,1.3525467,1.7457788
120,5,1,-0.7489376,-0.5690918,0.94062376
120,6,1,-0.08973503,-1.014965,1.0189241
120,7,1,-0.21404648,0.9072113,0.9321203
120,8,1,-0.609766,-0.51958084,0.801111
120,9,1,0.17258453,-0.51317596,0.54141945
120,10,1,0.44664192,0.62141037,0.76527107
120,11,1,-0.34734726,-0.24025345,0.4223409
120,12,1,0.5285797,0.63179016,0.8237447
120,13,1,0.19377136,-0.40164566,0.44594458
120,14,1,-0.09682655,0.1922226,0.21523222
120,15,1,-0.38871765,-0.23780441,0.45568886
120,16,1,0.2071991,0.9958992,1.017225
120,17,1,0.28663635,-0.873806,0.91961807
120,18,1,-0.11768913,0.46294785,0.47767293
120,19,1,0.018558502,-1.1696701,1.1698173
120,20,1,-0.63032913,0.7956581,1.0150796
120,21,1,0.16336632,-0.45941925,0.48760086
120,22,1,0.11374283,-0.11455917,0.16143493
120,23,1,0.04903412,0.49469757,0.49712175
120,24,1,-0.27071953,0.24206924,0.36316192
120,25,1,-0.018091202,-0.34148026,0.34195915
120,26,1,0.47236443,-0.39541245,0.61601883
120,27,1,-0.2657566,-0.14738083,0.3038876
123,0,1,0.06510353,-0.27471542,0.28232434
123,1,1,0.23883438,-0.25089645,0.346397
124,0,1,-0.50068665,0.6077404,0.7874234
124,1,1,0.08114052,-0.46870804,0.47567952
124,2,1,-0.08774376,-0.8530426,0.8575434
124,3,1,0.09834671,0.092033386,0.13469306
125,0,1,0.010673523,0.027309418,0.029321125
125,1,1,-0.38731956,-0.5465088,0.66984195
127,0,1,-0.10264969,0.7983074,0.8048799
127,1,1,0.3731327,-1.0878258,1.1500404
127,2,1,0.31411743,0.48344994,0.5765358
127,3,1,-0.07172966,-0.51776314,0.5227081
127,4,1,-0.5437851,-0.28516006,0.6140183
127,5,1,0.4261284,0.33970833,0.54496527
128,0,1,-0.03935051,-0.20737839,0.2110788
128,1,1,-0.43683624,-1.5236034,1.58499
128,2,1,0.06514549,0.3610077,0.3668385
128,3,1,0.10619354,0.20081139,0.22716136
128,4,1,-0.022542953,-0.12202072,0.12408562
128,5,1,-0.59067726,0.011152267,0.5907825
129,0,1,-0.030067444,-0.6870918,0.6877494
129,1,1,0.09436035,0.41944885,0.42993164
129,2,1,-0.26423264,-0.34095383,0.43135646
129,3,1,0.49067688,0.9558716,1.0744554
131,0,1,0.1330452,-0.22230911,0.25907984
131,1,1,-0.38495636,-0.25736427,0.46306345
131,2,1,-0.051151276,-0.19477081,0.20137557
131,3,1,0.32447624,0.20702744,0.38489634
131,4,1,0.20913696,0.48944092,0.5322506
133,0,1,0.09166336,-0.51737404,0.52543133
133,1,1,-0.10179138,0.26878166,0.28741097
133,2,1,0.09286499,0.03851509,0.10053516
134,0,1,0.18746185,0.2474289,0.3104239
134,1,1,0.19286156,-0.22455215,0.2960055
134,2,1,0.32003212,0.3814392,0.49791208
134,3,1,-0.110048294,0.3060608,0.32524428
134,4,1,0.11708069,-0.41687012,0.43299952
134,5,1,-0.10598183,-0.28232193,0.30155897
134,6,1,-0.49327278,-0.17506409,0.5234171
134,7,1,0.44267082,-0.04045105,0.44451517
134,8,1,-0.07821274,0.20985031,0.22395174
134,9,1,-0.080451965,0.29857254,0.30922174
134,10,1,0.04276848,0.2712593,0.2746102
134,11,1,0.3049965,-0.7013092,0.7647597
134,12,1,-0.08053589,0.46507263,0.47199428
134,13,1,0.08370018,0.15792465,0.17873421
134,14,1,-0.12758636,-0.110126495,0.16854116
134,15,1,-0.068626404,-0.08665085,0.11053485
134,16,1,-0.06014824,0.15856934,0.16959377
134,17,1,0.17120552,-0.032417297,0.17424756
134,18,1,-0.07490921,-0.478302,0.4841324
134,19,1,0.13529015,0.11835098,0.17975089
134,20,1,-0.3026352,-0.262146,0.40038553
134,21,1,-0.24292946,0.33452988,0.41343072
135,0,1,-0.39634705,0.4779644,0.62091947
135,1,1,0.042970657,1.0707989,1.0716608
135,2,1,-0.13320541,0.052396774,0.14314015
135,3,1,0.19354248,-0.8457012,0.86756516
136,0,1,-0.27850342,-0.117723465,0.3023623
136,1,1,0.15486717,-0.42484665,0.45219302
137,0,1,-0.07677841,0.88755226,0.89086694
137,1,1,-0.07180405,-0.47885323,0.4842068
141,0,1,0.16466713,1.2226868,1.2337253
141,1,1,-0.04962921,0.6481476,0.6500449
144,0,1,-0.33594704,-0.44692612,0.55910945
144,1,1,-0.14987373,0.5251484,0.54611623
144,2,1,-0.029361725,-0.15132713,0.15414932
144,3,1,0.23426819,-0.46632767,0.521865
144,4,1,0.26839447,1.0949917,1.1274052
144,5,1,-0.15778351,-0.70047,0.7180208
144,6,1,0.28793526,-0.075553894,0.29768288
144,7,1,-0.28214836,0.061668396,0.2888091
149,0,1,0.41768646,0.90598106,0.997629
149,1,1,-0.31877518,-0.01663971,0.31920916
153,0,1,-0.15442657,-0.39736748,0.4263197
153,1,1,-0.04781723,-0.06437683,0.08019266
153,2,1,-0.37120056,-0.5101528,0.63090867
153,3,1,0.28619766,-0.20259476,0.3506476
153,4,1,-0.060775757,-0.2509575,0.25821185
153,5,1,0.43193436,0.20502472,0.47812387
154,0,1,-0.1159153,0.120918274,0.16750398
154,1,1,-0.15092659,-0.3952446,0.42308053
154,2,1,0.32824898,0.25321388,0.41456562
154,3,1,0.14441681,-0.18517494,0.2348318
154,4,1,-0.17671585,0.14270973,0.22714436
154,5,1,0.45941925,-0.23933601,0.51802295
154,6,1,-0.7346344,-0.12238693,0.7447592
156,0,1,-0.47444534,-0.7935219,0.92454064
156,1,1,0.1385727,0.27672577,0.3094827
156,2,1,0.15035439,0.0010910034,0.15035835
156,3,1,0.40403748,0.42653656,0.58752
156,4,1,0.31814575,0.27518845,0.42064878
156,5,1,-0.45734787,-0.022663116,0.45790905
158,0,1,0.35331726,-0.42453384,0.55232424
158,1,1,-0.3750286,0.31747437,0.4913618
158,2,1,0.45438194,0.13196945,0.47315842
158,3,1,-0.092292786,-0.43222046,0.44196436
158,4,1,-0.12413406,0.13463783,0.18313004
158,5,1,0.19689941,0.4138794,0.45832905
158,6,1,0.2490387,-0.29850578,0.38874924
158,7,1,-0.04159355,0.38656425,0.38879552
159,0,1,-0.05116844,0.11482239,0.12570757
159,1,1,-0.08182144,-0.03420639,0.08868385
160,0,1,0.24655724,0.13954544,0.28330797
160,1,1,-0.10981369,-0.4496994,0.4629132
160,2,1,0.15960121,0.16080475,0.22656283
160,3,1,-0.39813995,-0.21889496,0.45434615
160,4,1,0.2635994,0.025943756,0.26487303
161,0,1,0.37265778,1.9180965,1.9539622
161,1,1,0.4172573,1.0025005,1.0858687
163,0,1,-0.12045288,-0.11647034,0.16755368
163,1,1,0.094903946,-0.27701187,0.29281792
163,2,1,-0.4378338,0.09720993,0.44849548
165,0,1,0.1211586,0.31650162,0.33889922
165,1,1,-0.061943054,-0.07789612,0.0995226
165,2,1,0.1312561,0.15837097,0.2056928
165,3,1,0.05737877,0.010959625,0.058416065
165,4,1,-0.03689766,0.01738739,0.040789198
165,5,1,-0.18929672,0.074272156,0.20334603
165,6,1,0.110235214,0.13214874,0.17209037
165,7,1,0.20988846,-0.19039154,0.28337625
165,8,1,-0.1568737,0.38822556,0.4187224
165,9,1,0.03986168,0.0045204163,0.040117174
165,10,1,-0.07475281,-0.076934814,0.10727044
165,11,1,0.34988022,-0.0005645752,0.34988067
165,12,1,-0.015115738,0.5988121,0.59900284
165,13,1,-0.006181717,-0.7889519,0.7889761
165,14,1,-0.26980972,0.14139557,0.30461448
172,0,1,0.34528923,-0.68419266,0.7663839
172,1,1,-0.2548313,0.33470917,0.4206771
172,2,1,0.12225723,-0.27527428,0.3012022
172,3,1,-0.16075897,0.13482666,0.20981343
174,0,1,-0.033960342,-0.9998894,1.000466
174,1,1,0.3318882,0.42643356,0.540366
174,2,1,0.14720535,0.42552567,0.45026827
174,3,1,0.065338135,-0.28394318,0.2913637
174,4,1,-0.30499268,0.52638626,0.60836095
174,5,1,-0.40760422,-0.099990845,0.41968963
174,6,1,0.5698147,-0.18715286,0.59976244
174,7,1,-0.13780212,0.0799942,0.15933768
174,8,1,0.023208618,-0.34074783,0.3415373
174,9,1,0.013050079,0.02420044,0.027494833
174,10,1,0.040208817,-0.52353287,0.52507466
174,11,1,-0.12655258,0.56996536,0.5838459
174,12,1,-0.42035103,0.20972061,0.4697635
174,13,1,0.32291794,-0.20638275,0.38323602
174,14,1,-0.25914764,0.46629333,0.53346694
174,15,1,0.11083603,-0.116874695,0.1610724
174,16,1,-0.57590103,0.022621155,0.57634515
174,17,1,0.3315277,0.23538208,0.4065899
174,18,1,0.19532967,-0.07539749,0.20937636
174,19,1,-0.24063683,-0.18429947,0.30310458
174,20,1,0.1978283,-0.021465302,0.19898942
174,21,1,-0.115377426,0.007209778,0.11560247
174,22,1,0.19294739,-0.40472794,0.44836748
174,23,1,-0.31717682,0.33528137,0.4615352
174,24,1,0.30674934,-0.44192505,0.53795254
174,25,1,-0.37009048,0.014461517,0.37037292
174,26,1,0.16727829,0.3371849,0.3763983
174,27,1,0.23693848,0.06896973,0.2467725
174,28,1,0.10948181,-0.15174866,0.18712008
174,29,1,0.15961266,-0.21459961,0.26744944
174,30,1,-0.2500229,0.27139664,0.36900893
174,31,1,-0.094026566,-0.12860489,0.15931168
174,32,1,0.068237305,-0.85490036,0.85761935
174,33,1,0.03400421,0.19665146,0.19956973
174,34,1,-0.43084908,-0.007507324,0.4309145
174,35,1,0.38837814,-0.008892059,0.38847992
174,36,1,-0.14292908,-0.18347931,0.23257983
174,37,1,0.3403244,0.5984726,0.6884694
174,38,1,0.101903915,-0.3370552,0.35212302
174,39,1,-0.45858002,0.46769714,0.6550086
174,40,1,-0.11832619,-0.92622375,0.9337513
174,41,1,0.05205536,-0.08683777,0.10124504
174,42,1,0.074754715,0.6888313,0.6928758
174,43,1,0.10129166,0.7811203,0.7876604
174,44,1,0.18855095,-0.24403,0.3083863
174,45,1,0.084630966,-0.40241623,0.41121918
174,46,1,0.047683716,-0.16781235,0.1744555
174,47,1,0.07561493,-0.116062164,0.13852091
174,48,1,-0.2978649,0.14492798,0.33125162
174,49,1,0.08091354,-0.09992981,0.12858059
174,50,1,0.21153831,0.023368835,0.2128252
174,51,1,-0.24775696,-0.3241272,0.40797296
174,52,1,-0.08842468,0.008232117,0.08880705
174,53,1,0.5609226,0.5869217,0.8118567
174,54,1,-0.14036942,-0.029640198,0.14346467
174,55,1,-0.34232712,-0.71421814,0.79201984
174,56,1,-0.4356861,0.60074615,0.742104
174,57,1,0.50914574,-0.17019653,0.5368391
174,58,1,-0.00021362305,0.07841492,0.07841521
174,59,1,-0.08271408,0.06667328,0.106240034
174,60,1,-0.034360886,-0.08421707,0.09095705
174,61,1,0.03466797,-0.08650589,0.09319408
174,62,1,0.07674599,-0.18932724,0.20429084
174,63,1,0.15882683,0.519619,0.5433506
174,64,1,-0.11865997,0.5465927,0.55932444
174,65,1,-0.2130146,-0.5298195,0.5710376
174,66,1,0.07059097,-0.33316422,0.34056053
174,67,1,0.018981934,-0.07034683,0.07286282
174,68,1,0.0401268,0.49832535,0.4999383
174,69,1,0.144001,-0.3593521,0.38713077
174,70,1,-0.27596474,-0.21279907,0.3484824
174,71,1,0.11759186,-0.28504562,0.3083486
174,72,1,0.08205986,0.38750076,0.39609426
174,73,1,-0.3349495,-0.21954346,0.4004878
174,74,1,0.13264275,0.07439041,0.15207903
175,0,1,-0.09942818,-0.017627716,0.1009787
175,1,1,0.19283485,-0.4676304,0.50582945
175,2,1,-0.23357582,0.3001194,0.38030162
176,0,1,0.41695023,0.84500885,0.9422778
176,1,1,-0.21295166,-0.28806305,0.35823
176,2,1,-0.063489914,-0.40561676,0.41055563
177,0,1,-0.07619858,0.36799812,0.37580425
177,1,1,0.27804375,-0.28247643,0.39636
177,2,1,-0.17621994,0.7261276,0.74720466
187,0,1,-0.016407013,0.47797203,0.47825354
187,1,1,-0.11969757,-0.009391785,0.12006546
192,0,1,0.2554264,-0.6320858,0.68174416
192,1,1,0.4025154,0.18397903,0.44256857
201,0,1,0.5286846,-0.020633698,0.5290871
201,1,1,-0.30051422,0.1772461,0.34889108
201,2,1,-0.0023269653,-0.14577484,0.14579341
201,3,1,0.28323936,-0.20388794,0.34899116
201,4,1,-0.008436203,0.43073654,0.43081915
201,5,1,-0.115766525,-0.10574722,0.15679401
201,6,1,0.07026672,-0.1663971,0.18062505
201,7,1,-0.40719795,-0.2518692,0.47879878
201,8,1,0.19275284,-0.22573471,0.29683298
201,9,1,0.011077881,0.15005875,0.1504671
201,10,1,-0.15241241,-0.08864975,0.17631881
201,11,1,-0.095184326,0.19535828,0.21731293
201,12,1,0.77957535,0.39551544,0.8741683
201,13,1,-0.53673744,-0.102249146,0.54638994
201,14,1,0.03429413,-0.22861862,0.23117647
201,15,1,0.03896141,-0.1628685,0.16746384
201,16,1,-0.27084923,-0.23326874,0.35745436
201,17,1,-0.15080452,-0.12702942,0.19717626
201,18,1,-0.79325867,-1.1150551,1.3684324
201,19,1,0.26647758,0.16370392,0.31274474
201,20,1,0.55483246,-0.27724075,0.6202431
201,21,1,-0.6498642,0.23893738,0.69239765
201,22,1,0.019853592,0.44688797,0.44732878
203,0,1,-0.04405403,0.76039886,0.7616739
203,1,1,0.21139717,-0.6144695,0.6498166
205,0,1,0.16305351,0.19738197,0.2560197
205,1,1,-0.014705658,0.062397003,0.064106494
205,2,1,-0.17883873,-0.34090424,0.38496622
211,0,1,0.019439697,-0.5122032,0.512572
211,1,1,0.54709053,0.8233566,0.9885465
218,0,1,-0.33711052,-1.6454811,1.6796582
218,1,1,-0.019693375,-0.18422127,0.18527089
218,2,1,0.13403511,-0.14576912,0.19802538
218,3,1,-0.4680786,-0.41976547,0.6287294
218,4,1,0.7826805,1.5290127,1.7176929
227,0,1,0.59197235,0.4195404,0.72556555
227,1,1,-0.41451073,-0.61102486,0.7383566
227,2,1,0.017002106,-0.13436127,0.13543272
227,3,1,0.2386837,0.36836243,0.43893144
227,4,1,-0.112478256,-0.26719856,0.2899076
227,5,1,0.08703804,0.7332821,0.7384296
227,6,1,0.42494965,0.5963707,0.73228425
227,7,1,-0.43299294,-0.3318119,0.54551077
228,0,1,0.639513,-0.5534706,0.845758
228,1,1,-0.4213333,-0.26720238,0.4989177
234,0,1,-0.15574837,-1.4637165,1.4719795
234,1,1,0.11162567,0.06703949,0.13020977
236,0,1,-0.22443008,0.21617699,0.3116109
236,1,1,0.03860283,-0.02253151,0.044697285
236,2,1,-0.042705536,-0.1833458,0.18825367
236,3,1,0.690855,-0.006061554,0.6908816
236,4,1,-0.605402,-0.71172714,0.9343806
236,5,1,-0.21567535,0.7772865,0.80665374
236,6,1,0.25214195,-0.36745644,0.44564536
236,7,1,-0.1763401,0.09958458,0.20251647
236,8,1,0.35872078,0.6109524,0.70847964
236,9,1,-0.71318054,-0.92079735,1.1646863
236,10,1,0.3897915,-0.14103317,0.41452113
236,11,1,-0.077819824,0.62892723,0.63372344
236,12,1,0.3946228,-0.0043582916,0.39464688
236,13,1,-0.12188721,-0.11794472,0.1696097
236,14,1,0.033655167,-0.06896782,0.07674132
244,0,1,-0.028381348,-0.29472542,0.29608878
244,1,1,-0.3435192,0.16373062,0.38054326
244,2,1,0.08047676,-0.16331863,0.18207
249,0,1,-0.2734909,-0.4623375,0.53717154
249,1,1,0.23113823,0.73485565,0.7703491
249,2,1,-0.6151123,-0.7616997,0.97905546
249,3,1,0.37774467,0.9125328,0.987627
251,0,1,-0.71883583,-0.33692932,0.7938805
251,1,1,0.28412628,-0.17333221,0.33282396
251,2,1,0.6296482,0.40641594,0.7494203
251,3,1,-0.029388428,0.16407013,0.1666814
255,0,1,0.19705391,-0.31381226,0.37055144
255,1,1,-0.2132225,-0.4545555,0.5020802
258,0,1,-0.012598038,-0.23279953,0.23314016
258,1,1,0.6142063,0.62068176,0.8732098
259,0,1,0.13913727,0.5421238,0.559694
259,1,1,0.055288315,-0.50746536,0.5104683
259,2,1,0.44922066,0.116083145,0.46397683
259,3,1,-0.85243034,-1.0327568,1.3391131
264,0,1,0.4412136,0.2840538,0.52474374
264,1,1,-0.4995079,-0.3665657,0.6195793
265,0,1,-0.35590363,-0.06772232,0.36228952
265,1,1,0.14523315,-0.14912415,0.20816022
265,2,1,-0.31540108,0.55747986,0.6405167
266,0,1,-0.035377502,-0.119535446,0.1246607
266,1,1,0.102724075,0.00878334,0.1030989
267,0,1,-0.092027664,0.15587616,0.1810151
267,1,1,-0.26206398,0.32803345,0.41986126
271,0,1,0.61363983,0.329525,0.6965203
271,1,1,-0.46157837,-0.28359604,0.54173917
277,0,1,-0.27888298,0.051530838,0.28360385
277,1,1,0.22447205,-0.07660675,0.23718409
279,0,1,0.028511047,-0.08531952,0.089957215
279,1,1,0.08761406,-0.19832611,0.21681666
279,2,1,0.01875496,0.2655449,0.26620638
282,0,1,-0.34490585,-0.80664253,0.87728685
282,1,1,0.7752228,0.45516777,0.89897054
285,0,1,-0.050243378,-1.0497398,1.0509416
285,1,1,-0.36439705,0.21984482,0.4255784
285,2,1,0.53357506,0.23068237,0.581306
286,0,1,-0.04673195,0.095890045,0.10667135
286,1,1,-0.056833267,0.00077819824,0.056838594
288,0,1,-0.20876694,-0.9303894,0.953524
288,1,1,-0.08461952,-0.09840393,0.12978365
288,2,1,-0.024879456,-0.017707825,0.030537752
298,0,1,0.03478241,0.12176132,0.12663189
298,1,1,-0.40141106,-0.30833054,0.5061606
298,2,1,0.11811066,0.09151459,0.14941569
298,3,1,0.008478165,0.13990021,0.14015687
298,4,1,-0.1988945,0.29680252,0.3572825
298,5,1,0.3440323,-0.4449196,0.5624159
298,6,1,-0.027618408,0.27819443,0.279562
298,7,1,0.47418213,-0.0638504,0.47846165
298,8,1,-0.32333755,0.08709717,0.3348628
298,9,1,0.058973312,0.27032852,0.2766864
299,0,1,-0.20037079,-0.030010223,0.2026057
299,1,1,0.020893097,0.2737751,0.27457118
299,2,1,-0.12692451,-0.48573875,0.5020478
301,0,1,-0.53295135,0.18912125,0.5655121
301,1,1,0.118068695,-0.9281635,0.93564296
304,0,1,-0.18642616,-0.11808014,0.22067541
304,1,1,-0.17076874,-0.3279419,0.36974025
305,0,1,-0.18580437,-0.07350922,0.19981709
305,1,1,0.0097026825,0.23780823,0.23800609
305,2,1,0.35894203,0.25960732,0.44298458
305,3,1,-0.47114563,-0.41361046,0.62693846
305,4,1,0.04084778,-0.17150879,0.176306
307,0,1,0.5468197,0.6068802,0.81689376
307,1,1,-0.09666824,-0.23967743,0.25843763
307,2,1,0.27185822,0.19259644,0.33316705
307,3,1,0.4853058,0.12117767,0.5002057
307,4,1,-0.5143013,-0.63905334,0.8203018
310,0,1,0.25736046,0.048217773,0.2618384
310,1,1,-0.42652893,-0.40224266,0.5862816
310,2,1,-0.0350399,0.29078102,0.29288462
310,3,1,-0.23177338,-0.05514145,0.23824248
310,4,1,0.2223854,0.7568855,0.7888796
310,5,1,-0.15309525,-0.6124153,0.63126117
310,6,1,0.06919098,-0.16361046,0.17763945
314,0,1,0.37833214,0.23558426,0.44568503
314,1,1,0.10060501,-0.17462158,0.20152931
314,2,1,-0.16012764,0.3023033,0.34209377
316,0,1,-0.113931656,-0.6720028,0.6815924
316,1,1,-0.3425789,0.21870995,0.40644106
317,0,1,-0.27191544,-0.085121155,0.28492737
317,1,1,0.032444,-0.20793152,0.21044746
320,0,1,0.57507896,0.117780685,0.5870163
320,1,1,-0.4550476,0.9903469,1.0898877
320,2,1,-0.0022830963,-0.76226616,0.76226956
321,0,1,0.10299492,-0.18612099,0.21271807
321,1,1,0.110780716,-0.04147148,0.118288845
321,2,1,0.44504166,0.11234474,0.45900264
321,3,1,-0.66630554,-0.7211189,0.98182255
321,4,1,0.13935852,0.21974373,0.2602078
324,0,1,0.36882973,0.3253441,0.49181718
324,1,1,0.43787766,1.29393,1.3660132
329,0,1,-0.03957939,-0.23921776,0.24246992
329,1,1,-0.005487442,0.44792175,0.44795537
329,2,1,0.4580841,0.45555115,0.64604014
331,0,1,0.19181252,0.085494995,0.2100034
331,1,1,-0.6244736,0.054862976,0.6268789
333,0,1,-0.41548538,1.0733204,1.1509322
333,1,1,0.64432335,-0.84645844,1.0637878
333,2,1,-0.5544548,-0.14932823,0.5742117
334,0,1,0.5942936,0.14647675,0.61207867
334,1,1,-0.33974648,-1.2697887,1.3144547
334,2,1,0.3345375,-0.9429989,1.0005809
334,3,1,0.15413666,1.438488,1.4467225
334,4,1,-0.23573875,0.674633,0.71463454
334,5,1,0.02242279,-0.2932663,0.29412225
334,6,1,0.092357635,-0.18769264,0.20918523
340,0,1,0.18378639,0.85987663,0.87929815
340,1,1,0.05402565,0.27729034,0.28250435
340,2,1,-0.26780128,0.75520134,0.8012781
340,3,1,0.44068527,0.10550308,0.4531384
341,0,1,-0.3594513,-0.9719467,1.0362846
341,1,1,0.32004166,0.51626205,0.60741514
341,2,1,-0.023910522,-0.06544113,0.06967248
341,3,1,0.050748825,-0.058109283,0.07715006
341,4,1,0.034078598,-0.06415558,0.07264495
345,0,1,0.5380726,0.0957489,0.54652536
345,1,1,-0.62282944,-0.018306732,0.62309843
345,2,1,0.099811554,-0.20547485,0.22843437
345,3,1,0.22571945,0.4877472,0.5374445
350,0,1,-0.16747475,-0.2629509,0.31175467
350,1,1,-0.09406471,-0.31934357,0.3329091
351,0,1,0.060800552,1.372652,1.3739979
351,1,1,0.0921402,-0.4057026,0.41603413
351,2,1,-0.41765785,0.12052536,0.4347004
351,3,1,0.21312714,-5.340576e-05,0.21312715
351,4,1,0.064647675,-0.19156265,0.20217708
351,5,1,-0.19469833,0.047231674,0.20034538
351,6,1,0.10603905,0.13405609,0.17092487
351,7,1,-0.186409,-0.5034542,0.53685606
351,8,1,-0.54024315,-0.0439682,0.54202944
351,9,1,0.72566414,-0.029561996,0.726266
351,10,1,-0.38290215,0.3320198,0.5068049
351,11,1,0.20466614,0.15642738,0.25759998
353,0,1,0.1836319,0.49697113,0.5298122
353,1,1,-0.21284676,-0.3361969,0.39790967
353,2,1,0.06427193,-0.5130043,0.51701474
353,3,1,0.21039963,0.5997238,0.6355601
353,4,1,0.42305946,-0.21061707,0.4725874
356,0,1,0.42383957,-0.10042572,0.43557468
356,1,1,-0.4423275,0.027030945,0.44315267
356,2,1,0.06309891,0.013820648,0.06459475
356,3,1,-0.31706047,-0.17506409,0.3621806
356,4,1,1.0542679,0.15666962,1.0658453
356,5,1,-0.40524864,0.09345627,0.41588524
356,6,1,-0.44779396,0.1076355,0.4605484
356,7,1,0.7271633,0.14676285,0.741826
356,8,1,-0.13733101,-0.01651764,0.13832077
356,9,1,0.48771858,-0.15174103,0.51077855
356,10,1,-0.023342133,0.06863022,0.07249112
356,11,1,-0.39950752,-0.3631668,0.53990406
356,12,1,0.2879486,-0.06354904,0.29487774
356,13,1,-0.34219933,-0.26501465,0.43282
356,14,1,-0.1927433,-0.22626495,0.29723024
356,15,1,0.32936668,-0.06492615,0.33570495
356,16,1,0.26108742,0.7325134,0.7776519
356,17,1,-0.16428566,0.07205963,0.17939445
356,18,1,-0.1573925,0.003566742,0.15743291
356,19,1,0.23008728,-0.079422,0.24340914
356,20,1,0.09853935,0.22664642,0.24714085
356,21,1,-0.121982574,-0.29686737,0.32095167
356,22,1,0.14953995,0.10270691,0.18141364
356,23,1,0.019712448,-0.11507797,0.1167541
356,24,1,-0.6278057,-0.1007576,0.6358397
356,25,1,0.008468628,0.24873734,0.24888146
356,26,1,0.47906113,-0.041038513,0.48081568
356,27,1,-0.03242302,-0.07237244,0.079303354
356,28,1,-0.3750019,-0.19694519,0.42357272
356,29,1,0.5784569,0.27647018,0.6411303
356,30,1,0.2487793,0.0010986328,0.24878173
356,31,1,-0.31863022,-0.07419586,0.32715476
356,32,1,-0.4962101,-0.11993027,0.5104975
356,33,1,0.19275475,-0.06336212,0.20290183
356,34,1,-0.04916382,0.09875107,0.11031253
356,35,1,-0.14245224,0.04976654,0.15089516
356,36,1,-0.27938843,-0.13726044,0.31128496
356,37,1,0.574234,0.28331375,0.6403213
356,38,1,-0.0357399,0.17957687,0.18309885
356,39,1,-0.24714279,0.2058258,0.32162684
356,40,1,0.25203514,-0.16562271,0.30158347
356,41,1,-0.17068863,-0.1613121,0.23485358
356,42,1,-0.106061935,0.018470764,0.107658274
356,43,1,0.67349625,0.022102356,0.6738588
356,44,1,-0.31405067,-0.017105103,0.31451616
356,45,1,-0.58893776,0.27272797,0.64902097
356,46,1,0.5757599,-0.32355118,0.6604429
356,47,1,-0.047039032,0.012512207,0.048674695
356,48,1,-0.024944305,-0.11116791,0.113932095
356,49,1,0.014781952,-0.09567642,0.09681159
356,50,1,-0.052238464,0.16941452,0.17728546
356,51,1,0.33516312,-0.20207977,0.3913701
356,52,1,-0.23882294,-0.03181839,0.2409332
356,53,1,-0.17689514,0.030994415,0.17958994
356,54,1,-0.15409279,0.16877365,0.22853693
356,55,1,0.40762138,0.0078048706,0.4076961
356,56,1,-0.55147934,-0.5621567,0.7874958
356,57,1,0.9969559,0.77057266,1.260041
356,58,1,-0.29862404,0.04555893,0.30207935
356,59,1,-0.4179039,-0.14532852,0.4424523
356,60,1,0.65675545,0.1538353,0.6745317
356,61,1,-0.16143417,0.08095169,0.18059394
356,62,1,-0.20048904,0.055648804,0.20806885
356,63,1,0.1961708,-0.46391678,0.50368816
356,64,1,-0.28743935,0.09675598,0.30328715
357,0,1,-0.084251404,0.107982635,0.13696185
357,1,1,0.018806458,-0.0058174133,0.019685658
357,2,1,0.11755371,-0.3277893,0.3482308
357,3,1,-0.14144325,0.3910656,0.41585875
357,4,1,0.021699905,0.102581024,0.1048511
357,5,1,0.0034923553,0.15748978,0.15752849
357,6,1,0.30560684,0.09259987,0.31932783
357,7,1,-0.23981857,-0.40589714,0.47145033
357,8,1,0.065107346,-0.066337585,0.092949666
357,9,1,-0.1211586,0.36240387,0.38212037
357,10,1,-0.25286484,0.09497452,0.27011254
362,0,1,-0.16052055,0.51441956,0.5388825
362,1,1,-0.33706856,0.23791695,0.41257688
362,2,1,0.27214622,0.016349792,0.27263692
362,3,1,0.0251503,0.055294037,0.06074511
362,4,1,0.20697021,-0.11943245,0.23895769
362,5,1,-0.2296257,0.058382034,0.23693126
362,6,1,-0.25317764,-0.04959297,0.2579891
363,0,1,0.035505295,-1.5244999,1.5249133
363,1,1,0.051372528,1.5651112,1.5659541
367,0,1,0.13178253,-0.01093483,0.13223542
367,1,1,0.15891647,0.48332787,0.50878316
369,0,1,-0.06358719,0.1658516,0.17762342
369,1,1,-0.123283386,-0.6994133,0.71019554
369,2,1,-0.107608795,1.3920403,1.3961933
372,0,1,0.04184723,0.49837685,0.50013065
372,1,1,-0.34187508,-0.47335625,0.5839047
385,0,1,0.06789398,0.10461807,0.12471782
385,1,1,0.02086258,0.51677704,0.51719797
385,2,1,-0.079782486,-0.5157318,0.5218664
385,3,1,0.021011353,-0.18532944,0.1865167
385,4,1,-0.058151245,0.26174545,0.2681273
385,5,1,0.0041103363,0.032512665,0.032771453
385,6,1,0.023853302,0.10324097,0.105960734
385,7,1,0.041246414,0.081855774,0.091660425
390,0,1,-0.13885498,-0.47630882,0.49613586
390,1,1,-0.053426743,-0.36946487,0.3733078
390,2,1,0.22036171,0.29701042,0.3698303
390,3,1,-0.4689541,0.18373108,0.50366163
390,4,1,0.041591644,-0.2951069,0.2980234
390,5,1,0.18223572,-0.11365509,0.21477275
390,6,1,-0.34140968,-0.24678993,0.42126694
390,7,1,0.37940788,0.20467949,0.43109632
390,8,1,-0.13428116,-0.059820175,0.14700301
390,9,1,-0.19222832,-0.09926605,0.21634573
390,10,1,0.36187935,0.6477108,0.7419474
390,11,1,-0.18367195,-0.17284393,0.25221103
390,12,1,-0.38702583,-0.21492767,0.44269955
390,13,1,0.32647514,0.071949005,0.33430925
391,0,1,0.3047924,-0.52726364,0.60902
391,1,1,-0.032655716,0.3963623,0.39770526
391,2,1,0.18140602,0.62981415,0.65541893
401,0,1,-0.26792908,-0.16848564,0.31650183
401,1,1,-0.013616562,-0.035224915,0.037765134
401,2,1,0.044288635,1.0552864,1.0562154
404,0,1,-0.24957848,-0.0990715,0.26852295
404,1,1,0.18162155,0.20409584,0.27320597
404,2,1,-0.19199753,0.74913406,0.77334654
408,0,1,-0.26137733,0.8546219,0.89369833
408,1,1,-0.20953941,0.23749352,0.31671745
408,2,1,0.3321476,-0.022766113,0.3329269
408,3,1,-0.027267456,-0.06829834,0.07354031
408,4,1,-0.02760315,-1.2547226,1.2550262
409,0,1,0.3196373,0.24136353,0.4005301
409,1,1,-0.3151722,-0.41371155,0.52008724
411,0,1,-0.9845524,-0.32936096,1.0381821
411,1,1,0.46045494,0.016731262,0.46075884
412,0,1,0.260334,0.44282532,0.5136809
412,1,1,-0.1556797,0.27963257,0.32004774
413,0,1,-0.021915436,0.092121124,0.09469207
413,1,1,-0.22899628,-0.4183941,0.47696215
414,0,1,-0.2594204,0.14889336,0.29911232
414,1,1,-0.12124443,0.3235855,0.34555432
414,2,1,0.10700035,0.5973873,0.6068943
414,3,1,0.2976017,0.040929794,0.3004031
414,4,1,-0.2496891,-0.03944969,0.2527863
417,0,1,-0.61675644,-0.55496216,0.8296816
417,1,1,0.34765625,-0.45119095,0.56959474
417,2,1,-0.14103127,0.828846,0.84075886
420,0,1,0.03545189,0.8261223,0.8268826
420,1,1,0.45559692,0.6226864,0.7715613
420,2,1,-0.44625092,-0.6125965,0.7579013
421,0,1,-0.2090149,-0.019758224,0.20994669
421,1,1,-0.4172058,-0.696249,0.81167936
421,2,1,-0.1990242,-0.19009209,0.27521926
426,0,1,-0.16568565,-1.0109501,1.0244373
426,1,1,0.09729767,1.1923962,1.1963593
429,0,1,-0.38470268,0.14592743,0.41144985
429,1,1,-0.05290413,0.15543747,0.16419396
429,2,1,0.22938156,-0.075437546,0.24146785
434,0,1,-0.12074089,0.3387413,0.35961652
434,1,1,0.3295765,-0.11686134,0.34968162
434,2,1,-0.28083992,-0.11972618,0.30529562
434,3,1,0.4243889,0.38559532,0.57340187
439,0,1,-0.05867195,-0.045186996,0.074055806
439,1,1,-0.058330536,-0.08403778,0.102297604
439,2,1,-0.10798645,0.1479435,0.1831621
439,3,1,0.0010147095,-0.040016174,0.040029038
439,4,1,0.056999207,0.07115555,0.09117029
439,5,1,0.06171608,-0.19511604,0.20464395
439,6,1,0.28577614,-0.32367325,0.43177816
439,7,1,-0.105098724,0.46512604,0.47685215
439,8,1,0.022838593,-0.17006683,0.1715935
439,9,1,-0.17318535,0.25696754,0.30987978
439,10,1,-0.2640381,0.272686,0.3795705
439,11,1,0.21307755,-0.46722984,0.51352286
439,12,1,0.047468185,0.2032032,0.20867383
439,13,1,-0.10324669,0.25629616,0.2763107
439,14,1,-0.19106865,-0.40685844,0.44948974
439,15,1,0.66911125,-0.023555756,0.66952574
439,16,1,-0.31999397,-0.3095646,0.44522622
439,17,1,0.5413971,0.1957264,0.57569057
439,18,1,-0.44254303,-0.1577282,0.46981117
439,19,1,0.21216393,0.12810516,0.2478396
439,20,1,-0.035190582,0.22977257,0.23245174
439,21,1,-0.30444908,-0.07617378,0.31383386
439,22,1,0.14572144,0.11927986,0.18831469
439,23,1,0.07618332,-0.22947502,0.24179058
439,24,1,-0.56775093,0.7480221,0.9390837
442,0,1,-0.23409843,-0.86686707,0.89792013
442,1,1,0.42649078,0.2355957,0.48723683
442,2,1,-0.08723831,-0.28172684,0.29492462
442,3,1,-0.078546524,-0.033615112,0.0854373
444,0,1,0.44106483,-0.31184196,0.54016995
444,1,1,-0.093645096,-0.17868233,0.20173442
444,2,1,-0.047546387,0.4953823,0.49765882
444,3,1,-0.0023994446,0.051418304,0.05147426
444,4,1,-0.26514244,-0.8951912,0.93363154
444,5,1,0.5,0.8898239,1.0206795
444,6,1,-0.14579582,-0.7010212,0.7160218
444,7,1,0.1234951,0.15527344,0.19839577
444,8,1,0.18691254,0.84500694,0.8654323
444,9,1,-0.46361732,-0.27923012,0.5412121
444,10,1,0.12824059,-0.70578766,0.7173436
444,11,1,-0.2851982,-0.15128517,0.32283932
451,0,1,-0.16766548,-0.516552,0.54308164
451,1,1,0.07206535,0.052440643,0.08912596
451,2,1,-0.12934875,-0.039941788,0.1353752
451,3,1,0.40612602,-0.34960365,0.5358741
451,4,1,-0.14710426,0.07519913,0.1652107
451,5,1,0.11439896,0.31306648,0.3333133
451,6,1,0.15839386,0.15332031,0.2204444
451,7,1,-0.100393295,1.3371296,1.3408931
451,8,1,-0.011064529,-0.6171036,0.61720276
451,9,1,0.037395477,0.06565094,0.0755544
451,10,1,0.07447624,-0.17934608,0.19419508
451,11,1,-0.22029877,0.09354782,0.23933813
460,0,1,0.3864441,-0.0621624,0.3914118
460,1,1,-0.20214081,-0.05321884,0.20902906
460,2,1,0.07323456,0.0714035,0.10228275
463,0,1,-0.05782509,0.09697533,0.11290684
463,1,1,0.30181503,0.30743217,0.43082115
463,2,1,-0.090148926,-0.5434742,0.5509002
463,3,1,0.07030487,0.7624531,0.7656876
463,4,1,0.20654678,-1.1472015,1.165647
463,5,1,-0.5958843,1.1404972,1.2867836
463,6,1,0.58524704,0.08242798,0.5910232
463,7,1,-0.2155838,-0.6428585,0.6780438
463,8,1,0.18350983,-0.11081505,0.21437311
467,0,1,-0.020996094,-0.110256195,0.112237535
467,1,1,0.23454475,1.0278664,1.0542867
472,0,1,-0.1942997,-0.582283,0.61384517
472,1,1,0.038398743,0.17097282,0.17523177
473,0,1,-0.34711647,-0.1676712,0.3854912
473,1,1,0.56019783,0.23658371,0.6081065
475,0,1,0.27619553,0.34148407,0.43919852
475,1,1,-0.46691704,-0.43847656,0.6405257
475,2,1,0.45121574,-0.36117935,0.5779673
475,3,1,-0.48919296,0.121032715,0.50394315
475,4,1,0.3492775,-0.11595154,0.3680211
476,0,1,0.32835007,0.26986504,0.4250187
476,1,1,-0.23869324,0.13401222,0.27374026
477,0,1,-0.111263275,0.2823696,0.3034998
477,1,1,-0.28665924,0.10786438,0.3062813
477,2,1,-0.19799995,-0.1930542,0.27653915
477,3,1,0.2679634,-0.2960701,0.3993268
477,4,1,0.21380043,-0.2997284,0.36816806
477,5,1,0.13082123,0.24050713,0.27378434
477,6,1,-0.23963356,0.18157959,0.30065826
477,7,1,-0.1784935,-0.14992523,0.23310407
477,8,1,0.12252045,0.49069786,0.50576246
478,0,1,-0.48575592,0.08182144,0.49259877
478,1,1,0.3206787,-0.3366661,0.4649504
478,2,1,-0.10878372,-0.33360672,0.35089505
478,3,1,0.0981369,0.56689835,0.57532996
478,4,1,-0.19582748,0.12216568,0.23080914
478,5,1,-0.025745392,-0.45648956,0.45721498
478,6,1,0.20450783,0.17833328,0.2713415
478,7,1,-0.5320015,0.04120636,0.5335949
478,8,1,0.670208,0.43950272,0.801462
478,9,1,-0.29145622,-0.53868866,0.61248034
478,10,1,-0.31368256,0.021965027,0.31445065
478,11,1,0.18569565,0.12474823,0.2237074
487,0,1,0.2393322,-0.08044624,0.25249058
487,1,1,-0.20249748,-0.17123413,0.26519117
489,0,1,0.17132568,-0.42165375,0.45513114
489,1,1,0.12923431,0.68268967,0.69481415
489,2,1,-0.21152115,-0.3939705,0.4471621
489,3,1,0.0920887,0.34091568,0.35313427
489,4,1,0.47288704,0.01940155,0.47328487
489,5,1,-0.124897,-0.19970703,0.23554651
489,6,1,-0.30182648,-0.5932007,0.66557217
495,0,1,0.07573128,0.69482994,0.6989448
495,1,1,-0.34016228,0.5936222,0.6841767
498,0,1,-0.22473526,-0.8820629,0.91024226
498,1,1,0.28077507,1.3395748,1.3686838
499,0,1,-0.1474266,0.0327034,0.15101032
499,1,1,-0.039402008,0.14097977,0.14638242
499,2,1,0.20146179,0.046531677,0.2067657
500,0,1,-0.22712898,-0.08309555,0.24185212
500,1,1,0.5645542,-0.005592346,0.56458193
500,2,1,-0.23427391,0.26940155,0.35701746
502,0,1,0.5154171,0.54488945,0.7500395
502,1,1,-0.06003952,-0.6385994,0.6414156
502,2,1,-0.18131447,0.08224678,0.19909663
502,3,1,-0.34718323,-0.43946075,0.5600553
502,4,1,0.66174126,1.4436302,1.5880711
502,5,1,-0.49684715,-0.6312542,0.80332994
502,6,1,0.36875534,0.3161621,0.4857355
502,7,1,0.026388168,0.42064667,0.42147353
502,8,1,-0.2862358,-0.2764969,0.3979717
502,9,1,0.33267975,0.030614853,0.33408543
502,10,1,0.16714287,1.6584034,1.6668049
502,11,1,0.13965225,-0.10044479,0.17202298
505,0,1,0.2808075,0.10495758,0.2997815
505,1,1,-0.6711464,-0.025936127,0.67164737
505,2,1,-0.4151497,-0.405941,0.5806353
505,3,1,0.5045414,-0.56954193,0.76088107
505,4,1,-0.06038475,0.59767914,0.6007218
505,5,1,0.0773201,-0.13819885,0.1583582
505,6,1,0.2718048,0.28794098,0.39596447
505,7,1,-0.36397552,-0.7440491,0.8283038
505,8,1,0.1430111,0.44220734,0.46475747
505,9,1,0.0010795593,-0.25767517,0.25767744
505,10,1,-0.22376633,0.1625061,0.27654946
505,11,1,0.12396622,-0.056354523,0.13617435
505,12,1,-0.31888008,-0.56850433,0.6518295
505,13,1,0.04557228,-9.918213e-05,0.04557239
505,14,1,0.6811924,0.8176842,1.0642512
505,15,1,-0.24290276,-0.45830917,0.5186994
505,16,1,0.060222626,0.5000725,0.50368565
505,17,1,0.28422546,0.051197052,0.28879967
505,18,1,-0.30872917,-0.14188004,0.33977
505,19,1,0.045455933,-0.097717285,0.10777249
506,0,1,-0.056310654,-0.67053986,0.67290014
506,1,1,-0.018449783,0.15908813,0.16015439
506,2,1,0.15893364,-0.37880707,0.41079763
506,3,1,-0.41797066,1.6297951,1.6825372
506,4,1,0.054584503,-1.1259422,1.1272645
507,0,1,-0.38786888,-0.5280037,0.6551566
507,1,1,0.00077819824,-0.22709084,0.22709218
507,2,1,0.34892845,0.7252636,0.80483437
507,3,1,0.09787941,-0.18684387,0.21092893
507,4,1,-0.17217827,-0.047721863,0.17866933
507,5,1,-0.08680534,-0.53490067,0.5418984
507,6,1,-0.13646126,-0.32671356,0.35406697
507,7,1,-0.008838654,0.05284691,0.053580943
507,8,1,0.26856422,-0.20004082,0.3348777
507,9,1,0.014116287,0.09600639,0.09703864
507,10,1,-0.23635864,-0.8047066,0.83870023
507,11,1,-0.13940239,0.713068,0.7265666
507,12,1,0.23516083,0.18827629,0.30124503
507,13,1,-0.10167503,-0.005622864,0.10183039
507,14,1,-0.06879425,-0.18206406,0.19462778
509,0,1,-0.48666954,0.11787987,0.5007424
509,1,1,0.18459702,0.16256905,0.24597713
509,2,1,0.08514786,-0.47304153,0.48064378
514,0,1,0.031446457,-0.16500092,0.16797078
514,1,1,0.063713074,-0.24494171,0.25309247
514,2,1,-0.1776619,0.5187683,0.54834694
514,3,1,0.12955475,0.27763748,0.30637723
514,4,1,0.10360336,-0.40148163,0.41463378
515,0,1,0.30809402,0.096429825,0.32283223
515,1,1,0.03752899,0.20888329,0.21222784
525,0,1,-0.4885292,0.5887108,0.7650106
525,1,1,0.17564774,-0.016304016,0.1764028
531,0,1,0.09669495,-1.3390617,1.3425484
531,1,1,-0.024442673,0.1943264,0.19585758
532,0,1,-0.23887634,0.010723114,0.2391169
532,1,1,-0.015306473,-0.41457748,0.41485995
532,2,1,0.23675156,-0.11057663,0.26130155
532,3,1,-0.60178185,0.4406929,0.74588984
532,4,1,0.06552124,-0.38632584,0.3918427
532,5,1,0.31290054,0.5107765,0.59899867
532,6,1,0.09745407,-0.041412354,0.10588805
532,7,1,0.29810143,0.1290245,0.32482576
534,0,1,-0.32632065,0.20956802,0.38781944
534,1,1,-0.026618958,-0.48189163,0.48262626
534,2,1,0.12978554,-0.55862427,0.5735027
534,3,1,0.32368088,0.22543335,0.39444837
539,0,1,0.076532364,-0.14474297,0.16373067
539,1,1,-0.1789341,0.069467545,0.1919457
539,2,1,0.060806274,0.42931747,0.43360224
539,3,1,0.051944733,-0.5369606,0.5394673
539,4,1,-0.6595993,-1.297884,1.4558758
539,5,1,0.28820992,0.3784275,0.47568092
539,6,1,0.11881065,0.72486687,0.7345393
539,7,1,0.19902039,1.2311935,1.2471755
539,8,1,0.19827461,-0.52116966,0.5576115
539,9,1,-0.23172379,1.2838268,1.3045716
547,0,1,0.15324593,0.03554535,0.15731429
547,1,1,-0.034936905,0.51478386,0.515968
547,2,1,0.19042206,0.06513977,0.20125543
547,3,1,-0.100515366,0.81497383,0.821149
549,0,1,-0.15273285,-0.54927826,0.5701175
549,1,1,-0.08349037,0.2897911,0.3015784
551,0,1,0.009527206,0.8008919,0.80094856
551,1,1,-0.14983368,0.25273705,0.2938131
551,2,1,0.6359005,1.372654,1.5127949
554,0,1,-0.01521492,-0.2670822,0.26751524
554,1,1,0.13119125,0.017093658,0.13230018
554,2,1,-0.003194809,0.5952339,0.5952425
555,0,1,0.10292435,-0.10000992,0.143511
555,1,1,-0.93169785,-0.17966843,0.9488633
555,2,1,0.28006363,0.028484344,0.28150845
555,3,1,0.32180023,0.2286644,0.39476928
556,0,1,0.36253357,0.22229004,0.42525694
556,1,1,0.48664093,-0.049200058,0.4891217
556,2,1,-0.09130669,-1.2684212,1.2717032
558,0,1,-0.3651352,0.594841,0.6979682
558,1,1,0.1827774,0.16805267,0.24829273
561,0,1,0.32835007,-0.40338135,0.52012527
561,1,1,-0.106594086,0.31567383,0.33318502
561,2,1,0.16966248,-0.29697037,0.34201863
561,3,1,-0.14031982,-0.116558075,0.18241556
561,4,1,0.046419144,0.33029938,0.33354524
561,5,1,0.081213,0.12270737,0.1471484
561,6,1,-0.2511673,-0.17610931,0.30675644
561,7,1,-0.08982849,-0.30187225,0.31495398
561,8,1,0.2829895,0.25582886,0.38148585
561,9,1,-0.160223,-0.13736725,0.2110478
561,10,1,0.40791893,0.039718628,0.40984806
561,11,1,0.008234024,0.38632584,0.38641357
561,12,1,-0.7152176,-0.42357635,0.8312359
561,13,1,0.16069794,0.42734528,0.45656085
561,14,1,0.14070892,-0.21491241,0.25687808
561,15,1,0.039253235,0.6175232,0.6187695
561,16,1,0.13630867,-0.15312958,0.20500907
561,17,1,-0.271698,-0.565464,0.62735105
561,18,1,0.18759155,-0.23181534,0.29820955
561,19,1,0.0014152527,-0.11642456,0.116433166
561,20,1,0.32672882,0.35090256,0.47946253
561,21,1,-0.23262596,-0.21385193,0.3159865
561,22,1,-0.17835045,-0.06219864,0.18888502
561,23,1,0.05666542,0.24712753,0.2535409
561,24,1,-0.0031795502,0.2685356,0.26855445
561,25,1,0.4679737,1.0867195,1.1831986
561,26,1,-0.34775734,-1.064682,1.1200371
567,0,1,-0.041290283,-0.0684433,0.079933554
567,1,1,0.73425484,0.31695938,0.79974586
567,2,1,-0.51148605,0.07603073,0.51710606
567,3,1,0.30941963,0.3190117,0.4444198
567,4,1,-0.687212,0.05379486,0.6893143
567,5,1,0.3515663,-0.46294403,0.58130544
567,6,1,0.59044266,0.24293137,0.6384655
567,7,1,-0.6564064,0.19910812,0.6859398
567,8,1,0.14387321,0.019500732,0.14518876
567,9,1,0.47302818,-0.08359146,0.48035735
567,10,1,-0.5081501,-0.15457535,0.5311403
567,11,1,0.15524292,-0.22705078,0.27504987
567,12,1,0.07974243,0.36763382,0.37618276
567,13,1,0.13317299,0.1830635,0.22637865
567,14,1,-0.23193932,-0.18963623,0.29959598
567,15,1,0.09652901,-0.33952713,0.3529823
567,16,1,-0.21656418,-0.61434555,0.6513989
567,17,1,0.13475418,0.63183594,0.6460459
567,18,1,0.17258835,0.35595322,0.39558744
567,19,1,-0.33080673,-0.7072067,0.78075254
567,20,1,0.23579597,-0.122779846,0.26584703
567,21,1,-0.26821136,-0.04947281,0.27273595
567,22,1,0.23766518,0.11130142,0.26243618
567,23,1,-0.28721237,0.018253326,0.28779182
567,24,1,0.76425934,0.40176773,0.863429
572,0,1,-0.21937561,-0.5874481,0.62707335
572,1,1,-0.031824112,0.6579075,0.65867674
577,0,1,0.04921341,0.14291763,0.1511536
577,1,1,0.26392365,-0.22634506,0.3476892
577,2,1,0.2345047,0.3614502,0.4308581
577,3,1,0.18627739,0.6811142,0.70612735
577,4,1,-0.3722973,-0.6248627,0.7273642
577,5,1,0.09176445,0.5252266,0.53318256
577,6,1,0.14809227,-0.06544113,0.16190696
577,7,1,0.15615082,0.030403137,0.15908308
577,8,1,-0.48639107,-0.30000687,0.57147217
577,9,1,0.044713974,-0.023796082,0.050651684
577,10,1,0.32954216,0.51568985,0.6119919
577,11,1,-0.62286377,-0.4093895,0.74535835
577,12,1,0.27074623,0.64923096,0.7034233
578,0,1,0.21865654,1.0987587,1.1203041
578,1,1,0.236763,1.4234829,1.4430386
578,2,1,0.074401855,-0.46079636,0.4667643
578,3,1,0.249012,0.6111183,0.65990347
578,4,1,-0.06206131,-0.96302223,0.9650199
578,5,1,0.012514114,0.49425316,0.49441156
580,0,1,0.10840607,0.5966511,0.6064193
580,1,1,0.13417244,-0.54212,0.5584768
580,2,1,0.027446747,0.23186874,0.23348756
580,3,1,0.14900398,-0.45690918,0.48059148
580,4,1,-0.22042465,0.6224327,0.66031015
580,5,1,-0.33624458,-0.5830631,0.67306983
580,6,1,0.5263653,0.25616837,0.58539104
580,7,1,-0.057344437,0.33615303,0.34100917
580,8,1,-0.04611206,0.185915,0.19154818
580,9,1,-0.03497696,0.57429314,0.57535726
580,10,1,-0.040700912,-0.94781303,0.94868654
580,11,1,0.19785309,0.16317749,0.25646198
580,12,1,-0.46477318,-0.78007126,0.9080337
580,13,1,0.692091,0.29787254,0.7534706
580,14,1,-0.79966164,-0.038625717,0.800594
580,15,1,0.7367821,0.117795944,0.7461392
580,16,1,-0.5576687,-1.023386,1.165467
580,17,1,-0.19496346,0.15674973,0.2501624
580,18,1,0.5282631,0.67718506,0.85886055
580,19,1,-0.3277111,-0.68032074,0.7551363
580,20,1,-0.22667885,-0.3598671,0.42530885
580,21,1,0.25855827,0.5691128,0.6250934
580,22,1,0.014881134,0.35264778,0.35296163
580,23,1,-0.3557377,-0.78811455,0.86468136
580,24,1,-0.027236938,-0.3653221,0.36633605
581,0,1,0.50439835,0.123226166,0.5192325
581,1,1,-0.3265667,-0.1222496,0.34869868
583,0,1,-0.17198753,0.09127426,0.19470671
583,1,1,-0.38475227,-0.06765747,0.39065567
583,2,1,0.2286148,-0.30646515,0.38234228
583,3,1,0.048208237,-0.31267166,0.31636626
583,4,1,-0.17975998,-0.015701294,0.1804444
583,5,1,-0.24960518,-0.6646919,0.71001273
583,6,1,0.39076996,0.6223335,0.73484707
585,0,1,0.5351887,0.71603775,0.8939446
585,1,1,0.08682823,-0.27472496,0.28811967
588,0,1,0.11425781,-0.3381958,0.35697514
588,1,1,-0.074920654,0.082214355,0.111230865
588,2,1,0.0069885254,-0.06824112,0.06859803
592,0,1,-0.3290081,-0.15191841,0.36238867
592,1,1,-0.13716125,0.055080414,0.14780751
592,2,1,0.50073624,0.05098152,0.50332487
592,3,1,-0.07716942,-0.351696,0.36006278
592,4,1,-0.329607,0.17695045,0.3741019
598,0,1,0.20283127,0.51169205,0.5504264
598,1,1,-0.20482635,0.016098022,0.20545799
601,0,1,0.13384247,-0.11845589,0.17873333
601,1,1,-0.7317066,0.1334095,0.74376917
608,0,1,-0.23974991,-0.6429634,0.68620837
608,1,1,0.2074089,0.4135666,0.46266162
613,0,1,0.11919403,0.6897392,0.69996244
613,1,1,0.54563713,0.59576035,0.8078677
613,2,1,-0.5216732,-0.17303085,0.5496204
613,3,1,0.22843361,0.58008194,0.62343967
613,4,1,-0.38163757,-0.03804779,0.38352948
613,5,1,0.30662346,-0.12031937,0.32938534
613,6,1,0.00092315674,0.06752014,0.06752645
615,0,1,0.0056972504,-0.7937641,0.79378456
615,1,1,-0.15929985,1.561264,1.5693699
619,0,1,-0.07818031,0.64824677,0.6529441
619,1,1,0.40353775,-0.697361,0.8057016
619,2,1,-0.18985558,-0.09459877,0.21211804
621,0,1,0.32100487,-0.26424408,0.41577524
621,1,1,-0.22661781,-0.6593838,0.6972393
621,2,1,-0.38335037,0.4895935,0.6218194
623,0,1,-0.22550964,0.7398987,0.7735016
623,1,1,0.683733,-0.024562836,0.68417406
626,0,1,0.23866272,-1.011261,1.0390422
626,1,1,-0.59142494,0.057037354,0.5941689
626,2,1,0.6780224,0.6199684,0.9187357
626,3,1,-0.36125374,-0.4410591,0.5701205
626,4,1,-0.06424141,-1.2097588,1.2114632
626,5,1,-0.36885452,1.0351067,1.0988628
626,6,1,0.7517338,1.7978287,1.9486641
631,0,1,-0.16298866,-1.0753002,1.0875826
631,1,1,-0.10926628,-0.7326546,0.74075764
631,2,1,-0.4437847,-0.967556,1.0644761
631,3,1,-0.24480438,-1.0833626,1.1106771
635,0,1,-0.012477875,0.17261124,0.17306165
635,1,1,0.18751335,-0.15829086,0.24539204
636,0,1,-0.061120987,0.08099365,0.10146796
636,1,1,0.333086,-0.12126732,0.35447434
637,0,1,-0.38062286,-0.39666748,0.54974437
637,1,1,-0.17504692,0.86478806,0.88232636
637,2,1,-0.12912941,-0.40987015,0.42973006
640,0,1,-0.18969727,-1.5915794,1.6028444
640,1,1,0.4315033,1.548172,1.6071813
640,2,1,-0.2784195,0.27677536,0.39258376
640,3,1,-0.3782177,-0.11660385,0.39578414
640,4,1,0.13894653,-0.6259346,0.64117104
640,5,1,0.094976425,0.7240715,0.73027396
640,6,1,0.24349594,0.34726715,0.42412823
640,7,1,0.09656906,-0.30046844,0.31560555
640,8,1,-0.1583271,-1.1872482,1.1977587
641,0,1,-0.4269085,0.37756538,0.569918
641,1,1,0.32977104,-0.5256748,0.6205505
642,0,1,-0.27023125,0.60648155,0.66396147
642,1,1,-0.003063202,-0.35984612,0.35985917
642,2,1,0.08700371,0.1923809,0.2111399
642,3,1,-0.3426838,-0.806509,0.87629277
644,0,1,0.17315102,0.48460388,0.5146088
644,1,1,0.06780243,-0.16668701,0.17994924
644,2,1,-0.4053936,-0.6661453,0.7798035
644,3,1,0.29070282,0.8529701,0.9011471
644,4,1,-0.062116623,-0.27843857,0.2852832
651,0,1,0.46875,-0.28481293,0.5484934
651,1,1,-0.71195984,-0.31175232,0.77722347
653,0,1,0.07923126,-0.13316345,0.15495192
653,1,1,-0.05809784,-0.66324997,0.66578966
653,2,1,0.29308128,0.58802795,0.65701866
653,3,1,-0.091573715,0.30571365,0.31913412
653,4,1,-0.14224052,-0.5780525,0.5952958
653,5,1,0.27166176,0.5425148,0.60673094
653,6,1,-0.3133297,0.0861702,0.32496276
653,7,1,-0.06266594,-0.77220917,0.77474767
653,8,1,0.0393219,0.49791336,0.49946365
653,9,1,0.06141281,0.29141617,0.29781693
653,10,1,0.10575867,-0.23572922,0.25836632
653,11,1,-0.44439697,-0.38939667,0.59086245
655,0,1,-0.32964325,0.10103798,0.34478015
655,1,1,-0.3019848,-0.05412674,0.30679718
655,2,1,0.2994213,-0.26539612,0.40011024
655,3,1,-0.07085419,0.31745338,0.32526445
655,4,1,0.20563889,-0.50525665,0.5455013
655,5,1,-0.022678375,0.46286774,0.46342298
655,6,1,0.010097504,-0.41214943,0.4122731
658,0,1,-0.1607418,0.5678425,0.59015507
658,1,1,-0.29960632,-1.5385838,1.5674833
659,0,1,-0.27141762,-0.06149292,0.27829644
659,1,1,-0.19036102,0.05770111,0.19891389
659,2,1,0.3146553,-0.45858383,0.55615383
659,3,1,-0.3606701,0.13975906,0.38680163
659,4,1,-0.3900776,0.19779205,0.43735823
662,0,1,0.26937866,-1.3129692,1.3403182
662,1,1,-0.4386196,0.63793945,0.7741795
662,2,1,-0.05578804,-0.4325981,0.4361805
667,0,1,0.155447,1.1824913,1.1926649
667,1,1,-0.048505783,1.5698433,1.5705924
668,0,1,0.091959,0.047115326,0.10332624
668,1,1,-0.0023212433,0.12771988,0.12774098
668,2,1,0.046167374,-0.16355515,0.16994621
670,0,1,0.21829224,-0.23561668,0.32119578
670,1,1,0.3398285,-0.89356995,0.95600766
672,0,1,0.38062286,-0.6057949,0.71544474
672,1,1,-0.41441727,0.14594269,0.43936425
672,2,1,0.09080887,0.30136108,0.31474555
672,3,1,0.18143272,-0.35935402,0.40255824
672,4,1,-0.12071228,-0.07795906,0.14369784
672,5,1,0.07224083,0.23884392,0.24952987
672,6,1,-0.15314484,0.23822975,0.28320798
672,7,1,0.051822662,-0.3271618,0.33124074
672,8,1,0.31611252,-0.44652367,0.5470928
673,0,1,-0.21153641,-0.08212662,0.22691944
673,1,1,-0.0012550354,-0.48323822,0.48323986
673,2,1,0.28443718,0.63960266,0.6999972
679,0,1,-0.12001991,-0.4203453,0.43714407
679,1,1,0.15223694,0.64089966,0.6587325
681,0,1,-0.40854645,0.13472176,0.43018618
681,1,1,0.25087738,-0.9392834,0.9722102
681,2,1,-0.06090164,1.1855564,1.1871196
681,3,1,-0.008312225,-1.3799801,1.3800051
681,4,1,0.0289917,-0.46565437,0.466556
681,5,1,0.01276207,-0.059885025,0.061229784
681,6,1,0.12352371,-0.037786484,0.12917401
681,7,1,-0.169693,0.3577404,0.39594683
681,8,1,0.06021309,-0.06194496,0.08638747
681,9,1,-0.09258461,0.5591049,0.5667188
681,10,1,0.1494751,0.38173485,0.40995646
681,11,1,-0.43666077,0.41864777,0.60492855
681,12,1,0.20532036,-0.6842327,0.7143744
681,13,1,0.051221848,0.7891922,0.7908527
681,14,1,0.30431175,-1.1832371,1.2217429
681,15,1,-0.096035,-0.100666046,0.13912718
681,16,1,-0.08440399,0.074617386,0.11265784
681,17,1,-0.15602303,0.062295914,0.1679999
681,18,1,0.31837463,0.110500336,0.33700553
681,19,1,-0.2078495,-0.54587746,0.58410925
681,20,1,0.098789215,0.11769104,0.15365705
681,21,1,0.12921524,0.079898834,0.15192235
681,22,1,-0.15120506,-0.046648026,0.15823719
681,23,1,0.0526886,0.7619972,0.76381665
681,24,1,-0.14180946,0.5154381,0.5345899
681,25,1,0.058490753,-0.20940399,0.21741942
681,26,1,-0.0070114136,0.25452232,0.25461888
681,27,1,0.21009636,-0.31092072,0.37524948
681,28,1,-0.03797531,0.6988888,0.69991976
681,29,1,0.3453369,0.07796478,0.35402837
681,30,1,-1.1897621,0.18270874,1.2037095
681,31,1,0.4276638,0.27775764,0.5099467
681,32,1,-0.09359932,-0.06576347,0.1143926
681,33,1,0.22215271,-0.08680916,0.23851134
681,34,1,-0.06615257,-0.6100254,0.6136018
681,35,1,-0.029441833,0.13315964,0.13637562
681,36,1,0.28922653,0.16262436,0.3318112
681,37,1,-0.30007172,0.4724903,0.55972326
681,38,1,0.27236366,-1.1619282,1.1934232
683,0,1,0.47029686,0.6377754,0.7924245
683,1,1,-0.50582695,-0.3616295,0.62180126
688,0,1,0.42385292,0.4025898,0.58457667
688,1,1,0.21639252,-1.281023,1.2991712
688,2,1,-0.060983658,0.28168106,0.28820693
688,3,1,-0.01996231,0.2015419,0.2025281
688,4,1,-0.21357727,0.19716644,0.2906714
694,0,1,-0.097435,0.00019645691,0.0974352
694,1,1,0.36605644,-0.31895638,0.48552084
694,2,1,-0.31555367,0.16714668,0.35708842
694,3,1,0.13720322,0.19760513,0.24056706
696,0,1,-0.3359089,-0.016204834,0.33629954
696,1,1,0.2947445,-0.7802963,0.8341083
700,0,1,-0.13144493,0.19265366,0.2332235
700,1,1,0.12516785,1.3479309,1.35373
700,2,1,0.030244827,-0.12105179,0.124772936
702,0,1,0.0009288788,0.016981125,0.01700651
702,1,1,0.09466553,0.551342,0.55941004
703,0,1,0.12330246,-0.15466309,0.1977983
703,1,1,-0.15131187,1.1305695,1.14065
709,0,1,0.09113312,0.46497726,0.4738239
709,1,1,0.22133255,-0.1994667,0.29795146
709,2,1,-0.2611866,0.64842224,0.69904923
710,0,1,-0.07901573,-0.38121033,0.38931322
710,1,1,-0.7032776,-1.1513824,1.3491778
710,2,1,0.4027748,-0.33477592,0.5237389
710,3,1,0.07068062,0.9473133,0.94994646
714,0,1,-0.05366516,0.045238495,0.07018883
714,1,1,-0.25178337,-0.95370865,0.9863848
715,0,1,0.0061187744,0.08006859,0.080302045
715,1,1,-0.20140457,0.583416,0.61720175
717,0,1,0.035518646,0.6311493,0.6321479
717,1,1,0.14469528,0.3450203,0.3741333
717,2,1,-0.016607285,0.72473145,0.7249217
717,3,1,-0.18996239,-0.44207382,0.48116004
717,4,1,-0.02823639,-0.33579826,0.33698335
717,5,1,-0.03999901,0.6731796,0.6743669
717,6,1,0.19000053,-0.89422226,0.9141847
717,7,1,-0.20225143,-0.0047016144,0.20230608
719,0,1,0.06602287,0.2111702,0.2212507
719,1,1,-0.33315277,-0.4899559,0.59249264
721,0,1,0.05978203,-0.4080696,0.4124254
721,1,1,0.2078228,0.48363304,0.52639455
721,2,1,-0.009588242,-0.22404861,0.22425368
721,3,1,-0.22369766,0.36683846,0.42966393
721,4,1,0.051374435,-0.34400368,0.34781873
721,5,1,0.4360447,0.3173542,0.5393039
721,6,1,-0.4482708,-0.895668,1.0015827
721,7,1,0.7102318,1.0797043,1.2923585
721,8,1,-0.78105164,-0.30090523,0.8370099
721,9,1,0.06254959,0.004776001,0.06273166
727,0,1,0.24052048,-0.2388668,0.33898002
727,1,1,-0.04766655,0.5711975,0.57318294
727,2,1,0.004070282,-0.1702652,0.17031384
727,3,1,0.32196426,-0.34362411,0.4708912
731,0,1,-0.040643692,-0.44618034,0.4480277
731,1,1,-0.32745743,0.3387165,0.47112337
731,2,1,0.10154724,0.2466507,0.2667366
731,3,1,0.2216835,0.11450577,0.24950981
732,0,1,0.31677628,-1.0096664,1.0581936
732,1,1,-0.20237541,0.35279274,0.40671676
734,0,1,0.25676727,0.2579136,0.36393523
734,1,1,-0.42028046,-0.7831631,0.88880825
734,2,1,-0.12971878,0.08397293,0.15452641
734,3,1,0.3100853,0.1776886,0.35738793
734,4,1,-0.30478096,0.065086365,0.3116531
734,5,1,-0.040943146,-0.1369648,0.14295349
734,6,1,0.30981064,0.71025276,0.77488166
734,7,1,-0.05834961,-0.27942467,0.28545195
734,8,1,-0.01768303,-0.65169334,0.6519332
734,9,1,0.42269897,0.3172512,0.5285099
734,10,1,-0.40779495,0.28359604,0.49671263
734,11,1,-0.11166763,-0.7142525,0.72292894
734,12,1,0.17834663,0.16357422,0.2420001
734,13,1,0.028467178,-0.0059108734,0.029074365
734,14,1,-0.03701973,-0.1628704,0.16702464
734,15,1,0.11326218,0.43379593,0.4483383
734,16,1,0.3118267,0.043922424,0.31490487
734,17,1,-0.13718414,-0.10354042,0.17187236
734,18,1,-0.2617836,0.23487473,0.35170555
734,19,1,0.25766563,0.38013458,0.45923182
734,20,1,-0.3361206,-0.70121384,0.77761036
734,21,1,-0.17795753,-0.12591362,0.21799798
734,22,1,-0.0019454956,0.049779892,0.049817894
734,23,1,0.02076912,0.23711014,0.238018
734,24,1,0.14494705,0.079099655,0.16512541
734,25,1,-0.0496521,-0.05429268,0.07357327
734,26,1,-0.001745224,0.13532066,0.13533191
734,27,1,0.25943565,0.3475418,0.43369594
734,28,1,0.099084854,0.08061981,0.12773943
734,29,1,-0.28057098,-0.098371506,0.29731637
734,30,1,0.28691864,0.028749466,0.2883554
734,31,1,-0.20659637,-0.5815792,0.6171843
734,32,1,-0.17606926,0.33959198,0.38252202
734,33,1,0.31145668,0.2485714,0.3984884
734,34,1,-0.4052601,-0.12689972,0.42466372
734,35,1,-0.06653595,0.22338676,0.23308514
734,36,1,0.4991989,-0.17844582,0.5301344
734,37,1,-0.42166138,-0.7901039,0.89557946
734,38,1,0.27324104,0.3713684,0.46105874
734,39,1,-0.38051224,-0.10943794,0.39593714
734,40,1,0.8298664,0.68304825,1.0748178
734,41,1,-0.414814,-0.41787338,0.5888029
734,42,1,-0.31197166,-0.06997299,0.3197226
734,43,1,0.33346176,-0.112594604,0.3519578
734,44,1,0.28491402,0.7379761,0.7910656
734,45,1,-0.18758011,-0.21417809,0.2847078
735,0,1,-0.06816101,-0.0500412,0.084557936
735,1,1,-0.107393265,0.13705826,0.17412145
737,0,1,-0.32676315,0.8656559,0.92527527
737,1,1,0.0461998,-1.2878456,1.288674
737,2,1,0.04683304,1.2386932,1.2395782
742,0,1,-0.13732338,-0.30796814,0.3371974
742,1,1,0.42206573,0.10890961,0.4358908
742,2,1,0.2256279,0.14363098,0.26746553
742,3,1,-0.32344246,-0.21006012,0.3856686
742,4,1,-0.5410347,-0.23191833,0.5886465
742,5,1,0.23009872,-0.140522,0.26961428
742,6,1,-0.061691284,0.29924774,0.30554056
742,7,1,0.45654488,0.16060257,0.48396942
743,0,1,-0.101896286,-0.3691063,0.3829129
743,1,1,0.69052315,0.10730362,0.69881064
743,2,1,-1.1507721,0.12450409,1.1574876
743,3,1,0.4496174,0.20839691,0.4955654
743,4,1,0.5586643,0.085948944,0.56523716
743,5,1,-0.42395592,0.08816147,0.43302548
746,0,1,-0.017276764,1.5688496,1.5689447
746,1,1,0.08092308,-0.8539982,0.85782367
746,2,1,0.319849,-0.002401352,0.31985804
748,0,1,0.036294937,-0.29994583,0.3021338
748,1,1,-0.10283661,-1.812437,1.8153521
748,2,1,0.18676567,1.2717667,1.2854073
748,3,1,-0.26943207,-0.3246975,0.42192665
749,0,1,0.09954643,-0.027751923,0.10334244
749,1,1,-0.27846718,-0.0020332336,0.2784746
758,0,1,0.32349205,-0.25159073,0.40981093
758,1,1,-7.6293945e-05,-0.022781372,0.0227815
758,2,1,-0.7909012,0.22267914,0.8216512
762,0,1,-0.18491936,0.11785507,0.2192829
762,1,1,-0.34075928,-0.75110435,0.8247876
762,2,1,0.49416733,0.5084057,0.70899767
763,0,1,-0.13515854,-0.50025177,0.51818883
763,1,1,-0.060886383,0.43180847,0.43607995
763,2,1,0.096157074,-0.61190224,0.6194114
763,3,1,-0.3765335,-0.06453514,0.3820239
763,4,1,0.07316971,-0.47394943,0.47956425
763,5,1,0.096012115,1.1947231,1.1985749
763,6,1,-0.48270035,-0.052778244,0.48557717
763,7,1,0.8185673,0.15984344,0.83402777
763,8,1,-0.52897644,-0.42775345,0.680286
763,9,1,0.32978058,0.14316177,0.3595143
763,10,1,-0.19218826,0.43071938,0.47165188
765,0,1,-0.22266006,-0.032367706,0.22500038
765,1,1,0.4575367,0.4223709,0.6226853
765,2,1,-0.011629105,-0.33496857,0.33517036
771,0,1,-0.37941742,-0.49660873,0.6249623
771,1,1,-0.050743103,-0.25957108,0.2644844
771,2,1,0.109451294,0.28426933,0.30461228
771,3,1,0.18656921,-0.17601585,0.25649494
771,4,1,-0.41366386,0.13374138,0.43474653
771,5,1,0.6055412,1.2100143,1.3530761
771,6,1,0.51426315,-0.40955925,0.65742326
771,7,1,-0.24403572,0.19774055,0.31409356
771,8,1,0.27261353,-0.666769,0.7203465
772,0,1,0.02971077,-0.19691849,0.19914722
772,1,1,-0.11725998,0.010374069,0.11771799
772,2,1,-0.21293259,-0.69384766,0.7257857
772,3,1,0.6104641,-0.0009403229,0.6104648
773,0,1,0.09669495,0.5007019,0.50995326
773,1,1,0.07406044,-0.2579193,0.2683418
773,2,1,0.19997978,0.14590073,0.24754582
773,3,1,-0.5896263,-0.23352432,0.63418674
773,4,1,-0.015800476,-0.47726822,0.47752967
776,0,1,-0.0017814636,-0.03173065,0.03178062
776,1,1,0.23125648,-0.2126236,0.31414703
776,2,1,-0.12013435,0.5863991,0.5985784
776,3,1,0.55747795,-0.54785156,0.7816156
776,4,1,-0.2518139,0.55971146,0.61374843
776,5,1,0.017673492,-0.86257935,0.86276037
776,6,1,-0.2631874,0.85450363,0.89411634
777,0,1,0.18004417,-0.086006165,0.19953187
777,1,1,-0.12011719,0.19809723,0.23166928
777,2,1,0.27731133,-0.9084587,0.94984144
777,3,1,-0.38845444,0.8168602,0.9045206
777,4,1,-0.12155342,0.004377365,0.12163221
781,0,1,0.09124184,0.3195305,0.33230227
781,1,1,-0.26991272,1.4358673,1.4610159
781,2,1,-0.09246826,-0.47961998,0.48845235
784,0,1,0.20488358,-0.2760067,0.3437397
784,1,1,-0.27854156,0.6482353,0.7055455
784,2,1,-0.15374374,0.08252525,0.17449228
784,3,1,0.017278671,0.02176094,0.027786525
784,4,1,0.024681091,0.35285378,0.35371593
786,0,1,-0.208992,-0.24550629,0.3224143
786,1,1,0.4813156,0.33638573,0.5872138
786,2,1,-0.09577751,-0.42164612,0.43238732
786,3,1,-0.06152153,-0.0061130524,0.061824493
786,4,1,-0.0008907318,0.18396187,0.18396401
786,5,1,-0.09528923,-0.20305634,0.22430317
786,6,1,0.2029705,0.25642014,0.32702953
786,7,1,0.0027313232,-0.116859436,0.116891354
786,8,1,0.42303085,0.05088806,0.42608064
786,9,1,-0.41937828,-0.13433456,0.44036794
786,10,1,-0.0824604,0.2612362,0.27394173
786,11,1,-0.12877655,0.11066818,0.16979648
786,12,1,-0.07589722,-0.012723923,0.07695639
786,13,1,0.1340332,-0.011051178,0.13448802
790,0,1,-0.17947578,-0.41157722,0.4490071
790,1,1,-0.21998978,0.98262405,1.0069486
790,2,1,0.20570374,-0.26849174,0.3382334
794,0,1,-0.0017948151,1.1982784,1.1982797
794,1,1,-0.2590866,0.27064323,0.3746647
794,2,1,-0.21203041,0.07672691,0.22548595
794,3,1,0.18240547,0.17427635,0.25227764
794,4,1,-0.10828781,-0.17472267,0.20555842
794,5,1,0.18295288,-0.056951523,0.19161218
794,6,1,0.016998291,0.27544022,0.27596423
794,7,1,0.21389961,-0.049167633,0.21947779
795,0,1,0.019498825,0.6276283,0.6279312
795,1,1,-0.124349594,-1.372263,1.3778856
796,0,1,-0.16176987,-0.63516617,0.655443
796,1,1,0.76511,0.62439346,0.98755276
799,0,1,-0.35441017,-0.5561714,0.65949464
799,1,1,-0.046880722,0.24560738,0.25004157
799,2,1,-0.26160812,0.086099625,0.27541235
799,3,1,0.59555054,-1.4669571,1.5832384
799,4,1,0.16846275,0.94792366,0.96277666
804,0,1,0.17578316,0.8581505,0.8759692
804,1,1,0.42154884,-1.204916,1.2765288
804,2,1,-0.839344,1.4895229,1.70973
804,3,1,0.30288506,-0.46959496,0.5588012
805,0,1,0.23365593,0.24671555,0.33979943
805,1,1,-0.21574783,-1.2720795,1.2902454
805,2,1,-0.020469666,0.6361027,0.63643193
806,0,1,0.31660843,0.34256744,0.46646902
806,1,1,-0.1976986,0.06813812,0.2091113
806,2,1,0.19255638,-0.18048096,0.2639154
810,0,1,0.24578857,0.69314575,0.73543394
810,1,1,-0.2996235,-0.00090026855,0.29962486
811,0,1,-0.34449577,-0.4856491,0.5954262
811,1,1,0.58610153,0.44078064,0.7333502
812,0,1,-0.19841194,-0.8569908,0.87965935
812,1,1,-0.13519096,0.1026001,0.16971557
812,2,1,0.30690575,0.12123299,0.3299827
813,0,1,-0.01133728,0.11304855,0.11361562
813,1,1,0.54706,0.020008087,0.5474258
813,2,1,0.091321945,-0.56845665,0.57574534
813,3,1,-0.6761646,1.5171547,1.6610109
813,4,1,0.0813961,-0.91542053,0.91903216
815,0,1,0.10019302,0.6531162,0.6607567
815,1,1,0.034643173,-0.20917511,0.21202448
816,0,1,0.21963882,-0.20176125,0.29824287
816,1,1,0.035829544,-0.10654259,0.11240587
816,2,1,-0.05015564,-0.55171585,0.55399096
816,3,1,0.26782227,0.9211769,0.9593204
816,4,1,-0.37397385,-0.33036232,0.4989947
816,5,1,0.23095512,0.06694412,0.24046162
816,6,1,-0.61732864,-0.122709274,0.6294063
816,7,1,0.30694008,0.3479843,0.46401003
816,8,1,0.22172928,-0.13423729,0.25919786
816,9,1,-0.3076973,0.23458672,0.38692188
816,10,1,0.39153862,-0.81334496,0.90268075
816,11,1,0.18344498,0.68071747,0.70500237
816,12,1,-0.34100342,-1.0606518,1.114121
816,13,1,-0.05369377,0.39102173,0.39469105
816,14,1,0.061178207,0.25610733,0.263313
816,15,1,-0.23509979,0.15633202,0.28233245
816,16,1,0.23203468,0.09980583,0.2525892
816,17,1,-0.069955826,0.24828339,0.2579505
816,18,1,0.13423157,0.032011032,0.13799572
816,19,1,0.14713478,0.11199379,0.18490876
816,20,1,-0.27888107,-0.38716125,0.4771462
816,21,1,0.32178497,0.19881058,0.37824756
816,22,1,-0.036369324,0.40996552,0.41157556
816,23,1,-0.033496857,-0.10985565,0.114849046
816,24,1,0.029924393,-0.24487114,0.2466928
816,25,1,0.35368538,0.038209915,0.35574338
816,26,1,-0.5021038,-0.10346413,0.512653
816,27,1,-0.1606369,-0.7905674,0.8067224
816,28,1,0.21580315,0.1328392,0.25341123
816,29,1,-0.2748356,-0.38536644,0.47333065
820,0,1,-0.27821922,0.06703758,0.28618172
820,1,1,-0.25476456,0.25948906,0.36364755
820,2,1,0.03255272,0.32984543,0.33144787
820,3,1,0.2728672,-0.21541405,0.34764886
822,0,1,0.4015026,0.13158798,0.42251596
822,1,1,0.3570423,-0.15856552,0.39066896
822,2,1,-1.3021698,-1.0176888,1.6526756
822,3,1,0.5954075,0.7960968,0.9941228
824,0,1,0.25902557,0.39665604,0.47374073
824,1,1,-0.18022156,0.40612793,0.44431937
825,0,1,0.1231575,0.18034172,0.21838248
825,1,1,-0.1125412,0.40852737,0.42374536
825,2,1,0.17492867,-0.2160778,0.27801016
825,3,1,-0.069122314,0.27931404,0.28773987
825,4,1,-0.21659088,-0.03580284,0.21953008
825,5,1,0.3605404,0.33380127,0.49133763
825,6,1,0.1305275,-0.787796,0.7985362
829,0,1,0.15864372,-0.57057,0.5922144
829,1,1,0.23154259,0.1356945,0.26837468
829,2,1,-0.12908363,-0.21339607,0.24940023
829,3,1,-0.016666412,0.3153534,0.3157935
829,4,1,0.021972656,0.039751053,0.04541964
829,5,1,0.031726837,-0.24864388,0.25065988
831,0,1,-0.33273888,-0.46904373,0.57508016
831,1,1,-0.14958191,-0.27436066,0.31248763
831,2,1,0.32050514,0.42036057,0.52860814
833,0,1,0.17636108,0.124607086,0.21594018
833,1,1,-0.22149086,-0.19343567,0.2940673
833,2,1,-0.1846199,0.53162384,0.5627685
836,0,1,0.26374435,0.16981888,0.313687
836,1,1,-0.25967598,-0.003396988,0.2596982
836,2,1,0.16493416,0.049964905,0.1723362
840,0,1,0.20689201,-0.08642578,0.22421803
840,1,1,-0.48444748,-0.49678993,0.6938945
840,2,1,0.38217735,0.3289547,0.5042527
840,3,1,-0.46058655,-0.38830566,0.60242945
840,4,1,0.45018196,0.42917442,0.62197626
840,5,1,-0.11515999,-0.8983784,0.9057293
840,6,1,-0.08591652,-0.2707386,0.2840441
840,7,1,0.34527588,0.48684883,0.5968561
840,8,1,-0.074798584,-1.6402836,1.6419882
840,9,1,-0.38233185,1.106451,1.1706457
840,10,1,-0.046531677,0.42460823,0.42715025
840,11,1,0.029624939,0.064157486,0.07066697
840,12,1,0.024806976,0.25938225,0.26056582
845,0,1,-0.5763836,0.03532982,0.57746536
845,1,1,-0.11994171,-1.7226391,1.7268096
845,2,1,-0.066410065,-0.15807915,0.17146228
845,3,1,0.32466316,-0.031280518,0.3261666
845,4,1,0.13271141,0.41404915,0.43479767
845,5,1,-0.5308037,-0.38297653,0.6545407
845,6,1,0.46315002,0.25667763,0.5295199
845,7,1,-0.25994873,0.15777206,0.30408117
845,8,1,0.39440918,-0.13832474,0.4179621
848,0,1,0.00062179565,0.093260765,0.09326284
848,1,1,0.059123993,0.10500145,0.120502904
848,2,1,-0.24803543,1.4818726,1.5024872
848,3,1,0.2925396,1.1865788,1.2221082
848,4,1,0.11971474,-0.38609314,0.40422708
848,5,1,-0.23647308,0.09142494,0.25353116
848,6,1,-0.10672951,0.8764858,0.88296014
848,7,1,0.30107117,0.34685516,0.45929548
848,8,1,-0.2807808,0.8586807,0.9034215
848,9,1,-0.060041428,-0.9475994,0.94949967
851,0,1,0.25501823,0.06694412,0.26365852
851,1,1,-0.31564903,-0.5127735,0.6021387
851,2,1,0.42277527,0.6296654,0.75843084
851,3,1,-0.091358185,-0.41410065,0.42405856
851,4,1,-0.41448593,0.02943039,0.41552946
852,0,1,-0.35116005,0.37067795,0.51060313
852,1,1,0.47372246,0.103588104,0.4849159
852,2,1,0.083833694,0.45745087,0.46506923
856,0,1,-0.666132,-0.24474335,0.7096697
856,1,1,0.52142525,0.045581818,0.5234138
856,2,1,-0.033542633,0.3621521,0.36370215
856,3,1,-0.86787987,-0.16466904,0.88336366
856,4,1,0.8672924,-0.28222656,0.912057
856,5,1,-0.6064701,-0.2490654,0.6556215
859,0,1,0.33141708,0.19496727,0.38451207
859,1,1,-0.39341354,0.5414467,0.66928226
861,0,1,0.43049812,0.3930931,0.5829673
861,1,1,-0.168499,0.27049637,0.3186851
861,2,1,0.46956825,-0.33862305,0.57892996
861,3,1,-0.10557747,0.30022812,0.31825075
861,4,1,0.52672005,0.3525772,0.63383335
861,5,1,-0.65689087,-0.295372,0.7202432
861,6,1,0.5349617,0.6353836,0.83059996
861,7,1,-0.71596146,-0.5082283,0.8780073
861,8,1,0.25731277,0.297657,0.39345846
863,0,1,0.37856865,0.9044266,0.9804599
863,1,1,-0.13049507,0.30233765,0.32929775
863,2,1,-0.14653969,-1.1416836,1.1510496
863,3,1,-0.34872818,-0.119773865,0.36872363
863,4,1,0.10876465,-0.7672157,0.7748869
863,5,1,0.5553322,0.5546856,0.7849012
863,6,1,-0.35487175,-0.009592056,0.35500136
863,7,1,0.25123787,0.7987499,0.8373302
863,8,1,0.06430626,0.4201355,0.42502838
863,9,1,-0.18127823,0.06188011,0.1915488
863,10,1,0.24399757,0.24383545,0.34495005
863,11,1,0.015394211,-0.6193962,0.6195875
863,12,1,-1.1599865,-0.7002926,1.3549829
863,13,1,0.9620304,0.076221466,0.9650452
865,0,1,-0.39256096,0.42164993,0.57610136
865,1,1,-0.27513504,-1.1241055,1.1572866
865,2,1,-0.05245781,-0.3752632,0.378912
865,3,1,0.6271477,-0.20057297,0.6584404
867,0,1,0.3883133,0.3682537,0.5351617
867,1,1,-0.056690216,0.059444427,0.08214269
867,2,1,0.27456093,0.014196396,0.2749277
867,3,1,-0.64258003,-0.4733963,0.79813105
867,4,1,0.37396812,0.918169,0.9914063
867,5,1,0.02147293,-0.6214237,0.6217946
867,6,1,-0.048553467,0.6513252,0.65313244
867,7,1,-0.16691399,-0.1900692,0.25295568
867,8,1,0.41469383,-0.19132996,0.45670354
867,9,1,-0.0048923492,-0.6081562,0.6081759
867,10,1,-0.36608505,0.46684074,0.59326094
867,11,1,0.4862423,-0.22043419,0.5338753
867,12,1,-0.42375565,0.36634445,0.5601581
867,13,1,0.0105896,0.3067627,0.3069454
867,14,1,0.17841148,-0.1386013,0.22592251
867,15,1,-0.19768333,0.15473175,0.2510391
867,16,1,0.33664322,0.8539543,0.9179143
867,17,1,-0.1552391,-0.4005642,0.42959383
867,18,1,0.09982681,-0.8221264,0.828165
867,19,1,-0.05936241,0.26176643,0.26841304
872,0,1,-0.24770927,-0.28300667,0.3761019
872,1,1,-0.27619934,-0.8743839,0.91696966
872,2,1,-0.31645393,-0.213274,0.38161352
872,3,1,0.0052433014,0.008838654,0.010276867
872,4,1,0.123464584,0.9458885,0.95391226
873,0,1,-0.0059452057,0.24505997,0.24513207
873,1,1,0.45341492,0.19860077,0.4950024
874,0,1,0.003047943,-0.1445179,0.14455004
874,1,1,-0.76007843,-0.30927658,0.820592
877,0,1,0.21106529,-0.3982029,0.45068184
877,1,1,0.29010773,0.10392761,0.3081614
878,0,1,-0.36919403,-0.35107803,0.50947034
878,1,1,-0.09196091,-0.08545685,0.12553756
880,0,1,-0.09461212,-0.13327026,0.16343933
880,1,1,-0.00699234,-0.14595222,0.14611962
880,2,1,-0.010881424,0.041374207,0.04278119
880,3,1,0.15117455,-0.37552834,0.4048151
880,4,1,-0.11117554,0.035497665,0.11670512
880,5,1,0.27412987,0.3704548,0.4608513
881,0,1,-0.096775055,-0.39346695,0.40519336
881,1,1,0.12853432,0.5245857,0.540103
881,2,1,-0.24546623,-0.2606964,0.35807303
881,3,1,0.15374184,0.34174156,0.3747317
885,0,1,0.3745613,0.41545105,0.5593709
885,1,1,-0.6118698,-0.5879898,0.8485969
889,0,1,-0.5138931,1.2859211,1.3848029
889,1,1,0.31327438,-0.62454987,0.6987155
889,2,1,0.42300797,0.018964767,0.4234329
889,3,1,-0.49936867,-1.2251492,1.3230115
891,0,1,-0.07032776,-0.0021400452,0.07036031
891,1,1,0.2943039,0.06087494,0.30053374
891,2,1,0.23942375,-0.15160751,0.28338766
891,3,1,-0.31622505,-0.109687805,0.33470836
891,4,1,-0.29618454,0.24248123,0.3827825
891,5,1,0.23740005,0.018478394,0.23811811
891,6,1,-0.035297394,1.1336002,1.1341496
891,7,1,-0.19150543,0.32180977,0.37448078
891,8,1,0.085840225,-0.52171135,0.5287261
891,9,1,0.052907944,-0.12244606,0.13338773
891,10,1,0.15555954,0.13048935,0.20304246
891,11,1,-0.19760323,-0.32663727,0.3817577
891,12,1,0.2778206,0.804512,0.85113096
891,13,1,0.00032043457,0.34310532,0.34310547
891,14,1,-0.206501,-0.3663025,0.42049992
891,15,1,0.10614395,0.06687355,0.12545362
891,16,1,-0.30500412,0.56090355,0.63846713
891,17,1,-0.010110855,0.0028705597,0.010510447
891,18,1,-0.23803139,-0.026697159,0.23952386
891,19,1,0.4722767,0.020235062,0.47270998
891,20,1,-0.42434883,0.25140953,0.49323288
891,21,1,0.248806,-0.3148327,0.40127802
891,22,1,0.06348038,-0.06846428,0.0933655
891,23,1,0.021411896,0.4608593,0.46135643
891,24,1,-0.07873535,-0.013683319,0.07991551
891,25,1,-0.26530266,0.1316967,0.2961917
891,26,1,0.4222641,-1.0171261,1.1012957
891,27,1,-0.21928787,0.22976494,0.3176147
891,28,1,-0.046028137,0.6057453,0.60749155
891,29,1,0.035362244,0.122018814,0.12703967
891,30,1,-0.14834213,-0.36331177,0.3924294
891,31,1,0.09369087,-0.24675941,0.2639473
891,32,1,-0.3068924,0.40322113,0.506725
891,33,1,0.4234619,-0.19655609,0.46685576
891,34,1,-0.306633,0.025123596,0.30766052
891,35,1,0.4377327,-0.30551338,0.53380555
891,36,1,-0.14942932,0.15446472,0.21491504
891,37,1,-0.31988144,0.36767197,0.4873467
891,38,1,0.29618835,-0.11789703,0.3187903
891,39,1,-0.0951519,0.74905205,0.7550714
893,0,1,-0.16492653,0.5471897,0.5715045
893,1,1,-0.09140968,0.012266159,0.092229
894,0,1,0.34451294,0.9878998,1.0462481
894,1,1,0.24602509,-0.053215027,0.2517145
894,2,1,0.15485954,-0.1207428,0.19636777
902,0,1,-0.982954,-0.3527031,1.044317
902,1,1,0.43112755,-0.15208435,0.45716587
904,0,1,-0.6295872,-0.43633652,0.76600885
904,1,1,0.66567993,0.28264618,0.72320026
904,2,1,-0.398777,0.07413483,0.40560952
904,3,1,0.18719101,0.103759766,0.21402468
904,4,1,-0.13117218,-0.024209976,0.13338764
904,5,1,-0.024339676,-0.4083767,0.4091014
904,6,1,0.008310318,-0.0054893494,0.009959635
904,7,1,-0.14418602,-0.011030197,0.1446073
904,8,1,0.57198334,-0.7378235,0.9335676
904,9,1,-0.5725174,0.8420849,1.0182745
904,10,1,0.22267151,0.044395447,0.22705407
