,frame,x,y,photons,sx,sy,bg,lpx,lpy,ellipticity,net_gradient,mass,particle,length
10,220,8.848074,5.1054854,964.57184,1.6748534,1.6978267,12.803785,0.12813517,0.1304531,0.013531003,965.70593,964.57184,10,3
11,221,8.589978,4.910399,1444.1129,1.8415337,2.1806097,3.5619073,0.09793487,0.1179933,0.15549599,1113.2366,1444.1129,10,3
12,222,8.157871,6.0921345,1296.1791,1.6586062,2.4161787,4.6232004,0.094265394,0.14523175,0.3135416,998.51575,1296.1791,10,3
30,385,7.9301763,5.792987,1557.3816,1.9270293,2.3324642,-0.40693268,0.0924478,0.11114645,0.17382258,1035.925,1557.3816,24,3
31,386,7.845319,6.2965307,1736.1311,1.9102803,2.5676394,8.507064,0.098084286,0.14140587,0.25601688,880.40857,1736.1311,24,3
32,387,7.581776,5.943701,575.68115,1.2652203,1.7939355,17.606577,0.13407283,0.2224842,0.29472366,810.84235,575.68115,24,3
46,497,8.32205,8.524157,9037.501,1.862792,2.750048,1.8665252,0.037582736,0.05545541,0.32263288,5674.2505,9037.501,35,58
47,498,8.16252,8.066843,9055.753,1.8390658,2.503382,6.8756146,0.037566863,0.051606633,0.26536748,6451.4272,9055.753,35,58
48,499,8.296515,8.360622,8931.22,1.807128,2.6759098,6.8255167,0.037168678,0.055762812,0.32466784,6164.0923,8931.22,35,58
49,500,8.384826,8.285912,8626.251,1.8133858,2.5548654,-0.21269341,0.037257344,0.05213922,0.29022256,6093.4375,8626.251,35,58
50,501,8.292944,8.18751,8842.612,1.7354504,2.6236658,10.6760645,0.036197715,0.05598652,0.33853984,6507.6514,8842.612,35,58
51,502,8.292195,8.439473,10744.912,1.9857676,2.7094116,-18.566566,0.03466074,0.044846106,0.2670853,5297.247,10744.912,35,58
52,503,8.477882,8.257222,7886.689,1.9166077,2.9393258,-13.230911,0.03927775,0.055847995,0.34794307,3963.6748,7886.689,35,58
53,504,8.30003,8.622312,4823.663,1.6556494,2.821369,18.19761,0.0489448,0.09204506,0.41317514,3474.6555,4823.663,35,58
54,505,8.36351,8.772206,5124.5625,1.850874,2.1768765,-6.476207,0.047770765,0.055294454,0.14975704,3105.9924,5124.5625,35,58
55,506,8.354948,8.54516,5465.431,1.7900146,2.411015,-2.7749941,0.045697022,0.060609642,0.25756803,2977.0952,5465.431,35,58
56,507,8.445809,8.45825,5453.702,1.9242455,2.4215348,-1.9019375,0.049216397,0.06134806,0.2053612,3510.5364,5453.702,35,58
57,508,8.341052,8.539334,7397.8994,2.0056274,2.7403102,-19.133364,0.040952466,0.051342983,0.26810205,3834.4985,7397.8994,35,58
58,509,8.414492,8.565298,5537.09,1.8709415,2.6962068,2.5210752,0.04852151,0.07032063,0.30608383,3353.4822,5537.09,35,58
59,510,8.449407,8.321211,6933.37,2.0389028,2.8236885,-10.666868,0.044429976,0.058374476,0.2779293,3511.7952,6933.37,35,58
60,511,8.507115,8.288816,5540.506,1.9202676,2.6535027,-7.9418974,0.0472751,0.06254545,0.27632725,3136.657,5540.506,35,58
61,512,8.317007,8.155019,4227.9346,1.678401,2.346447,15.806265,0.053037763,0.07803046,0.28470534,3635.7964,4227.9346,35,58
62,513,8.42405,8.180844,5139.936,1.6875502,2.6716967,0.5702196,0.04513262,0.07107682,0.3683601,3608.8481,5139.936,35,58
63,514,8.346756,8.190886,4866.524,1.7927514,2.4359868,8.495527,0.051040053,0.07105815,0.26405534,3172.6077,4866.524,35,58
64,515,8.388615,8.239555,10213.3,2.0032597,2.6922014,-19.116407,0.035658047,0.045355555,0.25590274,5538.874,10213.3,35,58
65,516,8.363778,8.27951,11121.972,2.0390918,2.7173684,-32.50579,0.033440482,0.04062858,0.24960788,5599.4253,11121.972,35,58
66,517,8.408426,8.299915,6389.7104,1.9557507,2.7599854,-3.3118596,0.045961834,0.06358727,0.29139093,3531.2,6389.7104,35,58
68,518,8.411733,8.138332,6808.8696,1.7842888,2.7272315,10.212197,0.042710654,0.06748203,0.3457509,4326.4795,6808.8696,35,58
69,519,8.4267645,8.656316,7574.6836,1.6747898,2.2155583,-3.213046,0.036500197,0.04767716,0.24407776,4735.325,7574.6836,35,58
70,520,8.39086,8.4287405,6052.8154,1.6124208,2.519688,20.533588,0.042178456,0.070313215,0.3600712,4973.773,6052.8154,35,58
71,521,8.420102,8.296789,9823.325,1.9523989,2.5138836,-14.546803,0.0359847,0.044798344,0.2233535,5874.343,9823.325,35,58
72,522,8.446846,8.343849,8416.036,1.8117049,2.266459,-1.398661,0.037558462,0.046672665,0.2006452,6250.839,8416.036,35,58
73,523,8.491357,8.29875,9546.193,1.8601499,2.5968935,-11.994619,0.035167154,0.047270134,0.28370193,5733.3696,9546.193,35,58
74,524,8.409974,8.224984,10562.058,1.9419725,2.7412283,-18.491194,0.034260716,0.045570716,0.29156852,5890.0176,10562.058,35,58
75,525,8.4591675,8.177234,9564.615,1.8978626,2.5152588,-14.703288,0.035499673,0.04528659,0.24546032,5689.892,9564.615,35,58
76,526,8.364189,8.327015,10314.266,1.9468143,2.7034764,-20.001804,0.034546513,0.045075603,0.27988487,5757.4023,10314.266,35,58
77,527,8.425289,8.19485,9788.671,1.9655744,2.6589644,-19.863659,0.03565512,0.045443665,0.26077446,5353.327,9788.671,35,58
78,528,8.331686,8.392814,7596.3423,1.74617,2.5710387,6.819988,0.03904444,0.058302443,0.3208309,5755.9883,7596.3423,35,58
79,529,8.327663,8.302752,4740.3765,1.6619079,2.3600178,18.294252,0.049652852,0.074483715,0.29580703,4208.5845,4740.3765,35,58
80,530,8.418262,8.615769,7991.4604,1.8194598,2.1424112,-5.627622,0.03819603,0.04452515,0.15074204,4854.739,7991.4604,35,58
81,531,8.412533,8.2544775,5334.536,1.6335114,2.759628,10.950168,0.044502817,0.07923303,0.40806827,3856.2166,5334.536,35,58
82,532,8.364961,8.046604,6112.954,1.889948,2.6989691,-4.409544,0.045241497,0.062955745,0.2997519,3397.9263,6112.954,35,58
83,533,8.318098,8.1508665,5642.521,1.7393507,2.6457555,0.18120652,0.044290543,0.0669166,0.34258828,3545.497,5642.521,35,58
84,534,8.408578,8.299829,10457.578,1.9824563,2.5215943,-19.181147,0.03496512,0.042712387,0.21380837,6113.52,10457.578,35,58
85,535,8.334585,8.21986,11323.434,2.0227602,2.76176,-27.130192,0.033549033,0.042294275,0.26758292,5795.6826,11323.434,35,58
86,536,8.382572,8.454276,9791.894,1.8446231,2.5765574,-9.537044,0.03471369,0.04706292,0.28407452,6376.935,9791.894,35,58
87,537,8.34809,8.354268,9832.587,1.8848047,2.6260087,-8.985619,0.0353976,0.0479187,0.28225496,6098.156,9832.587,35,58
88,538,8.362416,8.382895,9886.271,1.8642884,2.613692,-12.667314,0.03460393,0.046640795,0.2867222,6128.639,9886.271,35,58
89,539,8.409622,8.370977,7805.323,1.7539912,2.5053365,1.1868958,0.038067944,0.05419225,0.29989794,5830.554,7805.323,35,58
90,540,8.459079,8.327383,7227.595,1.9306519,3.06815,-11.511257,0.04139825,0.060604516,0.37074396,3276.123,7227.595,35,58
91,541,8.322515,8.279189,5304.8213,1.7708733,2.7057784,8.701767,0.04815435,0.076256804,0.34552166,3489.8066,5304.8213,35,58
92,542,8.29614,8.331177,5820.471,1.8565017,2.6874683,-2.2176633,0.045992743,0.06547737,0.30920053,3464.5598,5820.471,35,58
93,543,8.296693,8.073818,4054.0496,1.4762428,2.5691195,18.939196,0.047759254,0.09192069,0.4253896,3439.2622,4054.0496,35,58
94,544,8.402191,8.518575,4168.584,1.7457745,2.152774,7.979182,0.053822715,0.06736242,0.1890582,2654.9568,4168.584,35,58
95,545,8.299337,8.163052,5442.373,1.7526017,2.6583946,7.233499,0.046726268,0.07279458,0.34072927,3524.1042,5442.373,35,58
96,546,8.444266,8.013232,5453.981,1.7884647,2.5949228,-3.1350393,0.04563439,0.06479135,0.3107831,3189.4067,5453.981,35,58
97,547,8.317773,8.150898,6199.83,1.815651,2.7287269,3.323208,0.044587053,0.06755997,0.33461604,4177.695,6199.83,35,58
98,548,8.47379,8.288575,6136.748,1.9193192,2.539386,-4.7764206,0.045740023,0.059265975,0.24417984,3709.903,6136.748,35,58
99,549,8.39511,7.9074745,6656.5635,1.8318574,2.6803772,-0.7452701,0.04274268,0.06194645,0.3165673,4122.7734,6656.5635,35,58
100,550,8.290311,7.9553094,4659.588,1.5448428,2.5009737,17.38873,0.04615459,0.080334835,0.38230345,4125.9604,4659.588,35,58
101,551,8.328359,8.036255,5162.66,1.7809333,2.3724144,2.064014,0.047780965,0.0637233,0.2493161,3488.7212,5162.66,35,58
102,552,8.4949875,8.400233,4640.786,1.6643729,2.459904,4.9332585,0.04774878,0.07164653,0.32339922,3386.0452,4640.786,35,58
103,553,8.31622,8.587252,4130.696,1.6391411,2.368101,11.742863,0.05147693,0.07758421,0.30782464,2658.9612,4130.696,35,58
104,554,8.357426,8.487663,5965.43,2.0690598,2.6814923,-3.8949394,0.04996472,0.06359455,0.2283924,3268.1753,5965.43,35,58
108,719,7.655705,17.256727,4176.539,2.0106132,2.9233913,-3.1229038,0.057959072,0.0817088,0.3122326,2194.4949,4176.539,39,4
109,720,7.637679,17.173773,3230.9336,1.8094852,2.8396268,2.9052362,0.06206948,0.09946771,0.3627736,1767.271,3230.9336,39,4
110,721,7.6720853,17.123098,7706.7173,2.6817384,3.8348856,-26.224468,0.046709206,0.04437022,0.30069926,1357.1897,7706.7173,39,4
111,722,7.7523627,17.34964,3326.9485,1.862607,2.5626385,-1.0346141,0.06113471,0.08306396,0.27316827,2094.514,3326.9485,39,4
112,724,7.836832,16.985771,3284.4517,1.7928467,2.3121724,-0.099973544,0.0597056,0.076576106,0.22460511,2248.296,3284.4517,40,7
113,725,7.9945674,16.850374,1532.648,1.3296278,2.1274505,11.076105,0.07146276,0.12541476,0.37501353,1799.9171,1532.648,40,7
114,726,7.6480303,17.356888,7106.34,2.838103,4.244879,-15.85403,0.0550153,0.062338587,0.3314054,1054.4829,7106.34,40,7
115,727,7.7994447,17.393717,2843.4302,1.759082,2.7766225,2.8244405,0.06442717,0.10397639,0.36646703,1638.4905,2843.4302,40,7
116,728,7.704398,17.454159,3974.6943,1.9298637,3.4138575,-7.72153,0.05522661,0.084351435,0.43469706,1545.516,3974.6943,40,7
117,729,7.816219,17.425436,4241.0264,1.9436342,3.5331998,-5.436062,0.05486816,0.09020249,0.44989407,1863.2871,4241.0264,40,7
118,730,7.873628,17.134201,2709.319,1.7999853,2.8787947,0.20877613,0.06615945,0.10528781,0.37474343,1652.1702,2709.319,40,7
121,735,7.9769526,17.270647,2791.0522,1.7697332,2.6688392,7.3178744,0.06770637,0.10785087,0.33689028,2002.8347,2791.0522,42,3
122,736,7.834978,17.136475,4086.3938,2.0943468,2.7377203,-9.912289,0.057383973,0.06985929,0.23500337,2169.4192,4086.3938,42,3
123,737,7.76884,16.769419,1670.3701,1.6351479,2.5246515,2.5747638,0.07887482,0.12521532,0.3523273,1156.9407,1670.3701,42,3
125,742,7.8429585,17.016335,3114.263,2.000423,2.4364705,-2.8803258,0.066443704,0.07957244,0.1789669,2035.1329,3114.263,44,5
126,743,7.856456,17.129875,5656.6055,2.2395625,3.846078,-12.196379,0.052027907,0.071488366,0.41770226,1775.519,5656.6055,44,5
127,744,7.842583,16.80243,3348.861,1.8690932,2.6276023,4.2779784,0.06358394,0.091406345,0.2886697,2071.2046,3348.861,44,5
128,745,7.573171,16.95189,2799.0881,1.8317808,2.4897084,1.0153142,0.06667174,0.090756685,0.26425892,1865.2428,2799.0881,44,5
129,746,7.888467,17.317469,1463.4305,1.7371984,2.5993915,7.9010143,0.09653048,0.15904512,0.33169037,830.50214,1463.4305,44,5
133,754,7.985122,16.781239,3040.6443,1.8094206,2.9963727,-1.8940902,0.061723612,0.09874478,0.39612967,1636.5707,3040.6443,47,7
134,755,7.8300757,17.122856,5657.4155,2.1219893,3.7022927,-16.59291,0.048313636,0.060919624,0.42684454,1876.0557,5657.4155,47,7
135,756,7.8496704,16.735147,3929.9678,1.7717477,3.0088036,4.3330684,0.055334046,0.09717478,0.41114545,2288.5115,3929.9678,47,7
136,757,7.6987834,16.673826,4327.466,2.0366144,3.303117,-3.6501672,0.057454377,0.08859285,0.38342652,1989.7555,4327.466,47,7
137,758,7.9769516,17.323929,3244.7983,1.9190415,3.0254948,0.27419603,0.06438399,0.10115964,0.36570987,1390.6597,3244.7983,47,7
138,759,7.8991284,17.044676,1804.74,1.8893671,2.1079807,4.6010847,0.09024688,0.101851426,0.103707604,1481.3036,1804.74,47,7
139,760,7.862337,16.987232,1817.2139,1.6769776,2.092508,2.732193,0.07755121,0.09776581,0.19858009,1657.1589,1817.2139,47,7
140,762,8.011942,16.867193,1181.118,1.4568666,2.1771934,7.68052,0.08936811,0.14477243,0.33085108,1156.297,1181.118,48,4
141,763,7.9049726,17.103714,3321.0842,1.7281895,2.556198,9.100885,0.060643315,0.094344825,0.3239219,2554.3982,3321.0842,48,4
142,764,7.889513,17.057323,2933.554,1.8130187,2.590495,0.7641883,0.06430935,0.09187252,0.30012658,1914.6375,2933.554,48,4
143,765,7.959073,16.802456,2204.9797,1.5647293,2.220532,10.298586,0.069027945,0.10374071,0.2953358,2116.1052,2204.9797,48,4
144,767,7.8217745,16.958881,4993.134,2.1761649,2.8734887,-11.61119,0.053739432,0.06565529,0.24267498,2228.7786,4993.134,49,9
145,768,7.8989034,16.942932,4319.539,2.0729697,3.2776082,-0.42792016,0.059863538,0.093681194,0.36753583,1266.0396,4319.539,49,9
146,769,7.842635,17.017544,3356.0776,1.8817742,2.625857,-2.1443212,0.060943615,0.08322988,0.28336763,1866.7014,3356.0776,49,9
147,770,7.9262843,16.617481,1923.1954,1.5678736,1.8086529,8.801779,0.073969215,0.08687855,0.1331263,2004.4076,1923.1954,49,9
148,771,7.9432683,17.12671,2037.6301,1.4437582,2.5803275,7.1378417,0.06472037,0.12526245,0.4404748,1629.201,2037.6301,49,9
149,772,7.8011117,17.033066,3492.8655,1.8620673,2.9438705,-1.9466985,0.05927259,0.09106434,0.3674765,1926.1704,3492.8655,49,9
150,773,7.951721,16.92109,2723.213,1.6725531,2.5950267,10.304318,0.06588539,0.11021548,0.3554775,2190.029,2723.213,49,9
151,774,7.8602366,17.212944,3433.0762,1.7649438,2.4977655,-0.47279614,0.05737455,0.080418415,0.2933909,2467.765,3433.0762,49,9
152,775,7.8232408,16.557352,2763.33,1.5857946,2.6434133,10.355469,0.06166891,0.111832075,0.40009588,2150.1785,2763.33,49,9
157,783,7.840067,17.214499,3942.0376,1.9530576,2.582945,0.65608907,0.05956398,0.07867345,0.24386406,2432.8013,3942.0376,52,3
158,784,7.85617,16.976038,3512.784,1.7133404,2.7428515,2.232343,0.056022316,0.09069361,0.37534335,2268.64,3512.784,52,3
159,785,7.8457384,17.48551,3964.413,1.9501075,2.765761,-5.5379796,0.056727022,0.076656245,0.29491106,2153.0774,3964.413,52,3
160,788,8.060255,17.39937,4820.912,2.3431287,3.079971,-19.30889,0.053041305,0.056863945,0.23923679,1815.3844,4820.912,53,5
161,789,7.8429923,17.160286,2594.857,1.7488081,2.3285909,0.89959204,0.066114224,0.08802051,0.24898437,2035.3538,2594.857,53,5
162,790,8.060611,17.139326,1932.1917,1.6788983,2.385165,8.089333,0.07910419,0.11937788,0.2961081,1594.6442,1932.1917,53,5
163,791,8.068473,17.32214,1751.4706,1.5993171,2.1634116,4.3005266,0.07650615,0.10615815,0.26074305,1589.8168,1751.4706,53,5
164,792,7.8443117,17.050789,1906.5214,1.9817317,2.538697,1.6644738,0.08859893,0.11469933,0.21939024,1187.1708,1906.5214,53,5
165,795,7.8997006,17.73422,2718.8083,1.738245,3.169801,1.1637181,0.0643169,0.11857952,0.4516233,1296.7683,2718.8083,54,3
166,796,8.02522,17.001373,1671.4559,1.5468014,2.2972593,13.731686,0.08234915,0.13602708,0.3266753,1424.2253,1671.4559,54,3
167,797,7.740287,16.73641,1609.8231,1.5828439,2.3720582,11.116751,0.084632225,0.14014836,0.33271286,1389.7006,1609.8231,54,3
168,800,8.089636,16.98098,2349.1396,1.7806256,2.448288,4.412864,0.07314813,0.10335946,0.27270582,1749.3018,2349.1396,55,7
169,801,7.971416,17.02096,2192.0125,1.6980482,2.32753,2.7721207,0.07118551,0.09899465,0.27045053,1678.4175,2192.0125,55,7
170,802,7.9983215,16.867376,2621.9668,1.700112,2.5382957,2.5523984,0.064788714,0.09820856,0.33021516,1932.2675,2621.9668,55,7
171,803,7.814363,17.330635,4250.526,1.965509,3.2585106,-4.248813,0.05583165,0.08716571,0.39680752,1838.5519,4250.526,55,7
172,804,7.8885646,16.841452,2848.9514,1.8531224,2.5447583,4.5748076,0.06884992,0.09697851,0.27178848,1965.121,2848.9514,55,7
173,805,7.8586955,17.366932,1707.0012,1.7071775,2.4471369,5.684884,0.084412515,0.12752476,0.30237758,1244.624,1707.0012,55,7
174,806,7.6080236,16.951801,1201.1007,1.4347574,2.1109018,12.110864,0.09097406,0.14876804,0.3203107,1285.7361,1201.1007,55,7
175,812,7.9259386,16.584742,1774.0022,1.3999199,2.24429,13.007912,0.07044274,0.12533514,0.37623045,1831.485,1774.0022,56,7
176,813,7.911748,17.036936,1872.4545,1.786052,2.5802712,4.711861,0.08330311,0.12597752,0.30780455,1339.4164,1872.4545,56,7
177,814,7.7868505,16.909061,1987.768,1.6087017,2.6959124,3.068767,0.0711104,0.123527706,0.40328115,1037.5063,1987.768,56,7
178,815,7.7504544,16.337425,2860.6768,2.1653454,2.8628705,-3.7246697,0.073554255,0.093392886,0.24364533,941.031,2860.6768,56,7
179,816,8.162551,17.089947,2267.1274,1.7863587,2.5622087,3.2052367,0.07396869,0.10868283,0.30280513,1631.4924,2267.1274,56,7
180,817,7.757984,16.786142,1558.4725,1.8137773,2.3236794,2.8381345,0.091454126,0.119475454,0.21943738,1122.1914,1558.4725,56,7
181,818,7.981984,17.159952,2869.6702,1.7823766,2.442461,10.016346,0.06847819,0.098649725,0.2702538,2283.5654,2869.6702,56,7
192,857,7.8878083,17.264294,2824.8784,1.7702518,2.9199367,-2.4973223,0.062341392,0.09833755,0.39373624,1667.0201,2824.8784,64,3
193,858,7.941127,17.0454,2896.2065,1.6623833,2.9843638,5.2685146,0.061244104,0.11656699,0.44296893,1914.1459,2896.2065,64,3
194,859,7.936544,17.346638,2558.5483,1.8330462,2.945831,4.089809,0.07181614,0.12077199,0.37774906,1441.0983,2558.5483,64,3
196,863,8.057123,18.197676,3995.5647,1.7991725,5.9517593,9.206249,0.05722126,0.26103798,0.6977075,944.9479,3995.5647,66,6
197,864,7.8041644,16.697042,1639.7588,1.4036901,2.0383787,14.080231,0.0745871,0.11797649,0.31136933,1742.0729,1639.7588,66,6
198,865,7.919257,16.19543,3718.0337,2.3530796,3.2225878,-8.968996,0.065913126,0.08023085,0.2698168,1155.7483,3718.0337,66,6
199,866,8.00471,16.590923,2585.5498,1.6068461,3.121256,11.86006,0.06556445,0.14873149,0.48519248,1677.6721,2585.5498,66,6
200,867,7.8756104,16.932285,3179.9385,1.850039,3.32614,2.9256337,0.06402239,0.11945741,0.443788,1572.5825,3179.9385,66,6
201,868,7.801613,16.75008,1959.1305,1.549153,2.6467395,9.673929,0.07271797,0.13867487,0.41469383,1566.8949,1959.1305,66,6
202,870,7.8322406,16.858849,5594.6714,2.2729132,3.8871875,-21.992035,0.048610054,0.038770128,0.4152808,1536.4403,5594.6714,67,5
203,871,8.000506,16.066269,2782.8179,1.6890403,3.7919893,3.838957,0.062978886,0.15391704,0.55457675,929.63275,2782.8179,67,5
204,872,7.9268074,16.73309,2932.6934,2.0293002,2.7656918,0.029285807,0.07139138,0.09687551,0.26625943,1135.172,2932.6934,67,5
205,873,7.9542055,17.03666,1904.2183,1.4533901,2.856599,12.073957,0.07004763,0.16360354,0.49121663,1349.4174,1904.2183,67,5
206,874,7.7815194,16.807238,3370.9695,1.8292046,4.0685606,-2.9012258,0.05887427,0.11830277,0.55040497,1087.4967,3370.9695,67,5
207,881,7.866448,16.781685,2938.7502,1.6739718,3.4082527,7.0028515,0.06189112,0.14047804,0.50884753,1708.9902,2938.7502,68,5
208,882,7.8981924,16.94706,2052.5984,1.5240324,2.8797846,12.57913,0.07096839,0.1582408,0.47078252,1642.7654,2052.5984,68,5
209,883,7.9721136,16.889793,1225.0779,1.5908797,2.067661,14.859202,0.10482586,0.1486743,0.23058972,1155.7556,1225.0779,68,5
210,884,8.099436,17.359854,2101.258,1.5190474,2.8525758,7.0698557,0.06712394,0.13910079,0.4674822,1241.261,2101.258,68,5
211,885,8.080537,17.229574,2536.4966,1.6382644,3.2727115,2.2685547,0.063361876,0.13113166,0.4994168,1432.4913,2536.4966,68,5
220,921,7.9945707,16.90193,4773.066,2.030837,3.482298,-7.1901135,0.053418115,0.08203857,0.41681123,1580.5663,4773.066,76,5
221,922,7.888707,17.429398,4070.756,1.9398108,3.8270721,-2.6697679,0.05691765,0.10539698,0.49313453,1407.8376,4070.756,76,5
222,923,7.987483,16.298023,1878.2422,1.4142044,2.842412,10.998217,0.06799915,0.16091381,0.5024633,1513.1753,1878.2422,76,5
223,924,8.035572,16.997248,5029.543,2.2418783,3.4445703,-16.476582,0.052509803,0.06142163,0.3491559,1668.1522,5029.543,76,5
224,925,7.9384165,17.123352,3284.979,1.9084997,3.155099,-4.98318,0.060912892,0.09233596,0.39510623,1587.1759,3284.979,76,5
262,1057,8.309992,17.591255,3944.6638,1.8578283,2.7825391,0.431922,0.056600433,0.084494695,0.33232626,2337.83,3944.6638,108,3
263,1058,8.113559,17.704954,3679.436,1.6193725,3.0168655,5.9140635,0.052681636,0.103575915,0.46322682,2441.234,3679.436,108,3
264,1059,8.131251,17.670038,5567.3228,2.1180556,3.4391472,-15.863649,0.04879671,0.062905215,0.3841335,1855.2582,5567.3228,108,3
279,1127,7.7293363,17.48453,3604.063,1.958778,3.0174596,-2.933165,0.060769655,0.09003571,0.35085195,1846.6499,3604.063,122,4
280,1128,7.917586,17.606588,2365.485,1.5389278,2.506359,14.637305,0.06689812,0.12204432,0.3859907,1912.7389,2365.485,122,4
281,1129,7.8919115,17.168774,4052.225,1.9180351,3.059233,-5.233438,0.05544654,0.08280476,0.37303397,2102.5098,4052.225,122,4
282,1130,8.072785,17.665962,4249.092,2.3251553,3.2406204,-17.700516,0.055754364,0.05775792,0.28249687,1406.6503,4249.092,122,4
284,1141,7.8244443,16.595644,1920.5724,1.7761633,2.2104928,5.56164,0.082397506,0.105223715,0.19648537,1016.8373,1920.5724,124,3
285,1142,7.786612,16.23215,2228.5532,1.7770145,2.5860565,1.9406431,0.0733306,0.108182006,0.31284776,1107.8518,2228.5532,124,3
286,1143,7.940331,16.964418,3315.3901,2.0749292,2.942027,-3.4104462,0.06637917,0.09044816,0.29472804,1486.4695,3315.3901,124,3
287,1145,7.8566556,17.414059,1232.2993,1.6072941,2.639971,4.165482,0.09313884,0.16494791,0.3911698,839.1238,1232.2993,125,3
288,1146,7.933903,17.482483,1902.5143,1.5211918,2.7370553,10.709062,0.07304169,0.15063025,0.4442232,1443.7964,1902.5143,125,3
289,1147,7.933594,17.46897,1968.5522,1.7404696,2.3243585,9.1419,0.082284056,0.11609234,0.2512043,1370.0732,1968.5522,125,3
292,1162,7.722702,16.844608,2573.8313,1.9685196,2.5234401,-1.2732363,0.072916806,0.092247695,0.21990637,1423.6027,2573.8313,128,3
293,1163,7.789692,16.848312,2278.5044,1.7088884,2.6418252,5.636934,0.07196867,0.11723186,0.353141,1027.3113,2278.5044,128,3
294,1164,7.8667893,16.793653,2505.616,1.7147883,2.6962497,2.1626432,0.06670266,0.10663251,0.36400983,1611.571,2505.616,128,3
298,1171,7.9258194,16.781494,2413.0928,1.9005961,2.5108714,-0.39356354,0.07347692,0.096298754,0.24305317,1086.5073,2413.0928,131,3
299,1172,7.673423,16.820522,2799.8748,1.9880302,3.1565878,-1.4725568,0.07050549,0.10865532,0.37019646,1202.7378,2799.8748,131,3
300,1173,7.9291015,16.153048,3259.785,2.3354816,3.0766017,-6.1206207,0.071780026,0.08817774,0.24088919,975.0463,3259.785,131,3
304,1185,7.934132,16.074413,1287.6936,1.5128257,2.3536918,7.6701612,0.08864333,0.15125756,0.35725412,976.2383,1287.6936,135,3
305,1186,8.014806,17.44595,1596.3495,1.5058789,2.7286344,8.757807,0.07868425,0.1629742,0.44811994,1165.265,1596.3495,135,3
306,1187,7.80914,17.216558,2859.98,1.9606947,2.6999786,-3.9351819,0.067155376,0.08861021,0.27381104,1541.9099,2859.98,135,3
307,1191,8.094368,18.26404,5496.425,2.1653826,5.0249705,-10.419954,0.051886804,0.07253379,0.5690756,1226.4952,5496.425,136,3
308,1192,8.080553,17.443693,4584.877,2.019875,4.2740755,-13.007138,0.05186024,0.061294682,0.5274124,1215.7527,4584.877,136,3
309,1193,7.724411,17.244474,3067.6477,1.7642921,3.2312424,0.5654764,0.06111665,0.11194948,0.45398957,1647.71,3067.6477,136,3
314,1208,7.9589,17.495266,1890.6318,1.6748503,2.5401623,8.5638685,0.08022987,0.1320434,0.34065223,1334.1956,1890.6318,140,4
315,1209,7.778314,16.594175,2589.2551,1.659627,3.0651581,4.6445165,0.06463066,0.12706071,0.45855096,1560.4857,2589.2551,140,4
316,1210,7.688425,17.337255,3233.587,2.012315,3.1392744,-6.4877386,0.06333686,0.08858563,0.3589872,1417.118,3233.587,140,4
317,1211,7.8378587,17.68711,2797.7297,1.8687832,2.3171158,1.179657,0.06812557,0.08458402,0.19348733,1876.0176,2797.7297,140,4
322,1225,7.706331,16.761196,2373.9158,1.8797532,2.4420588,-0.22009344,0.07342633,0.09479001,0.23025882,1343.463,2373.9158,144,3
323,1226,7.8139963,17.133656,2484.4133,1.6971676,2.8765826,1.6101221,0.0660051,0.113479465,0.4100056,1673.7161,2484.4133,144,3
324,1227,7.730245,17.304272,2383.0005,1.8889756,2.7216249,3.7868536,0.0767806,0.1142675,0.30593827,1320.5121,2383.0005,144,3
330,1239,7.9224243,16.912779,1419.0482,1.4503132,2.0393007,10.555248,0.082091354,0.1239769,0.28881836,1524.5918,1419.0482,148,3
331,1240,7.737824,16.985334,2722.9734,1.7048978,3.0591862,3.829562,0.0643144,0.12101008,0.44269565,1218.5857,2722.9734,148,3
332,1241,7.9381766,17.155237,4110.876,2.2571976,3.9728656,-7.8356824,0.06207906,0.088633515,0.43184647,1206.7086,4110.876,148,3
333,1244,7.927552,17.207699,4938.3506,2.2372878,3.7251763,-12.031603,0.054969877,0.07223731,0.39941427,1532.5101,4938.3506,149,3
334,1245,8.020289,16.73767,1692.1959,1.7606027,2.4497128,1.9063163,0.08382788,0.118419126,0.2813024,909.72015,1692.1959,149,3
335,1246,7.7753305,16.955017,3496.0671,2.1862597,3.1134715,-10.922586,0.062317677,0.07516327,0.2978064,1328.4192,3496.0671,149,3
344,1257,8.005958,17.089354,1831.8822,1.8281814,2.3208435,7.680842,0.0894364,0.11856702,0.21227716,1122.9246,1831.8822,157,5
345,1258,7.990428,16.850368,1910.1959,1.7300266,3.0619953,1.900593,0.07729113,0.1412427,0.43500024,888.9451,1910.1959,157,5
346,1259,7.717951,17.438007,2299.1184,1.8375825,3.0587275,7.3963227,0.07869521,0.14444399,0.399233,1258.9565,2299.1184,157,5
347,1260,7.92679,16.882418,1178.8529,1.382705,2.5399008,19.48009,0.09392907,0.22314586,0.4556067,1241.1782,1178.8529,157,5
348,1261,7.9204793,17.053831,2212.5305,1.5752839,3.0155988,6.466597,0.06751703,0.14261842,0.47762153,1509.3942,2212.5305,157,5
361,1277,7.839083,16.795158,2745.9832,1.8966578,3.3143055,-5.217097,0.06553345,0.10035307,0.42773598,1264.5424,2745.9832,166,4
362,1278,8.095041,17.61531,1458.9767,1.5720563,2.7529776,2.6776624,0.08147708,0.14961697,0.42896146,931.8031,1458.9767,166,4
363,1279,8.023576,16.897644,1467.7157,1.4362013,2.6464355,8.252002,0.07800954,0.16382632,0.45730725,1301.9724,1467.7157,166,4
364,1280,7.7390914,17.495895,2968.461,1.7927614,3.4122894,3.2298503,0.06441878,0.128764,0.47461623,1316.7842,2968.461,166,4
365,1282,7.9573874,16.991503,2274.2131,1.5796828,3.4316132,9.038697,0.067939654,0.17577197,0.53966755,1377.8519,2274.2131,167,4
366,1283,7.921087,17.141249,1823.1638,1.436814,2.818262,14.506642,0.07211486,0.17257866,0.4901773,1464.6124,1823.1638,167,4
367,1284,7.847402,16.379585,2086.0474,1.7418598,2.7052312,3.6836174,0.0756767,0.12225661,0.35611427,1150.8992,2086.0474,167,4
368,1285,7.9526877,16.492191,1447.9833,1.4942187,2.0428028,10.040367,0.08353563,0.12170658,0.26854482,1072.432,1447.9833,167,4
371,1293,7.739212,16.428991,1620.1526,1.6540874,2.3455255,13.387097,0.09069157,0.14231013,0.29479027,1430.5022,1620.1526,170,9
372,1293,8.564689,5.698569,4290.9233,2.6730895,4.0295224,-7.3985553,0.07024557,0.090241425,0.33662373,899.67053,4290.9233,171,3
373,1294,7.593163,16.218311,1405.4402,1.5116253,2.279991,14.391119,0.089697815,0.15355136,0.3370038,1393.3281,1405.4402,170,9
374,1294,8.108892,7.5833697,917.23804,1.4173508,2.026964,10.295416,0.10393629,0.16449367,0.30075186,956.0333,917.23804,171,3
375,1295,7.928826,16.84248,2855.5728,1.8794571,3.060708,-1.5342228,0.0661692,0.10451434,0.3859404,1484.5662,2855.5728,170,9
376,1295,8.279262,7.5367117,1873.5723,1.9405233,2.8977723,-1.2653121,0.08388038,0.121616565,0.33033964,857.64594,1873.5723,171,3
377,1296,7.880716,16.441248,2194.5237,1.6385485,3.2463815,7.406227,0.07125535,0.16103548,0.49526927,1184.0242,2194.5237,170,9
378,1297,7.8061447,15.9730425,1472.3319,1.4203558,2.2256966,11.950757,0.0793476,0.13854572,0.36183763,1303.9377,1472.3319,170,9
380,1298,7.8624067,16.826475,3104.2075,1.8478009,3.3479278,2.168844,0.06437912,0.11990143,0.44807625,1464.5496,3104.2075,170,9
382,1299,7.777568,16.43616,2042.5227,1.5972041,2.6890311,4.5010734,0.07044313,0.1250345,0.4060299,1550.7693,2042.5227,170,9
384,1300,7.8436656,16.657738,2411.3394,1.7670726,3.077032,4.288847,0.07147147,0.13215987,0.42572176,1277.3411,2411.3394,170,9
385,1301,7.7987986,17.15684,2085.3857,1.4640583,2.985629,8.096743,0.065274194,0.15138093,0.5096316,1502.8457,2085.3857,170,9
388,1308,7.8908324,16.796164,2531.8928,1.6584116,3.417593,6.146668,0.06607826,0.15227765,0.5147428,1429.9447,2531.8928,176,4
389,1309,7.830965,16.793467,2019.6139,1.5450252,3.065453,6.252178,0.069422364,0.15367214,0.49598795,1298.7993,2019.6139,176,4
390,1310,7.910983,17.088959,1804.0802,1.7329783,2.3048167,5.492886,0.08301366,0.114469595,0.2481058,1229.4637,1804.0802,176,4
392,1311,8.04978,17.052021,5599.1265,2.6673105,3.9200165,-23.695005,0.051014476,0.027248286,0.31956652,1281.8123,5599.1265,176,4
394,1313,7.884722,17.496948,2129.056,1.7731854,3.2477868,5.800592,0.077846356,0.15819292,0.4540327,1061.2518,2129.056,179,3
395,1314,7.7576427,16.70179,1196.6384,1.310165,2.711066,11.300584,0.08144312,0.20977142,0.51673436,1129.1724,1196.6384,179,3
396,1315,7.974206,17.457026,2563.2195,1.9998758,3.086588,-2.057671,0.07349192,0.10898161,0.35207555,1180.415,2563.2195,179,3
404,1341,7.812481,17.223576,1279.6525,1.5460411,2.3776474,11.831027,0.09536765,0.16700383,0.34976014,1133.1667,1279.6525,185,3
405,1342,8.0241995,16.97908,3192.8477,2.4474583,3.485076,-8.114506,0.072715126,0.087376766,0.29773173,979.36273,3192.8477,185,3
407,1343,7.761099,17.115156,2303.2927,1.6831877,2.3183796,8.949981,0.07227284,0.10465239,0.27398098,1771.032,2303.2927,185,3
415,1362,7.824682,17.108818,3500.0942,1.7917303,4.074825,4.3653727,0.059498947,0.14812101,0.56029266,1525.0659,3500.0942,192,3
416,1363,7.9552903,16.803743,2273.143,1.7712213,2.543958,2.375583,0.07264401,0.106047735,0.3037537,1155.528,2273.143,192,3
417,1364,7.7091513,17.05674,1987.412,1.5420849,2.7069824,14.187367,0.074143685,0.15223418,0.43033063,1547.6161,1987.412,192,3
423,1394,7.892835,17.05302,3593.4773,2.017893,3.6089296,-5.268494,0.06129669,0.09718969,0.44086108,1173.4172,3593.4773,197,4
424,1395,8.062596,17.44836,2916.0183,1.9994498,2.9694903,-0.94306254,0.06988096,0.10203777,0.326669,1320.4543,2916.0183,197,4
425,1396,7.8040414,17.228853,2663.802,2.0777154,3.7786012,0.687123,0.07724981,0.14203055,0.45013636,945.41016,2663.802,197,4
426,1397,8.223935,17.484797,3747.794,2.1687117,4.549387,-6.50204,0.06330871,0.09831879,0.5232958,1001.6308,3747.794,197,4
427,1399,7.9284105,17.033882,4614.7905,2.18136,3.8008966,-9.6395035,0.05654209,0.07994689,0.4260933,1558.377,4614.7905,198,3
428,1400,7.902097,16.39168,4967.414,2.130413,4.150927,-8.76365,0.054101165,0.08391206,0.4867621,1626.8568,4967.414,198,3
429,1401,7.9397345,16.7561,3177.4893,1.9720155,3.480473,-2.4131706,0.06523219,0.10890804,0.4334059,1103.3773,3177.4893,198,3
435,1419,8.053658,16.924702,4183.3545,2.351969,4.096309,-4.4443855,0.0661056,0.10345256,0.42583215,1011.7948,4183.3545,203,3
436,1420,7.9164944,16.159882,4631.512,2.0883923,4.2391415,0.47682378,0.05860228,0.11926335,0.5073549,1473.6287,4631.512,203,3
437,1421,7.8231487,17.139439,2549.918,1.942841,2.7957518,-0.9527208,0.07259371,0.1027394,0.30507386,1383.3153,2549.918,203,3
438,1424,7.787459,16.65204,2579.792,1.8217553,2.4412286,7.7127748,0.07323359,0.10225341,0.25375473,1831.0876,2579.792,204,4
439,1425,7.8395157,16.770435,3105.0876,1.8452444,2.5942729,7.8091774,0.067005254,0.09844864,0.28872386,2088.1023,3105.0876,204,4
440,1426,7.651966,16.798807,3133.7214,1.8448904,2.6329155,-0.30516848,0.06274826,0.08878667,0.29929754,1852.3812,3133.7214,204,4
441,1427,7.823529,16.714457,2721.253,1.757245,3.0679421,8.342069,0.068651065,0.13233474,0.42722356,1390.4137,2721.253,204,4
449,1444,8.142177,16.919296,1616.7137,1.401449,2.1631794,9.946921,0.07283253,0.121710174,0.35213464,1666.7161,1616.7137,209,4
450,1445,8.00764,17.29457,2652.5127,1.7094383,2.9189177,6.0446954,0.066474244,0.121362686,0.41435882,1738.5936,2652.5127,209,4
451,1446,7.8997045,17.188929,1544.7279,1.3021761,2.7947097,14.458467,0.07112449,0.19273666,0.5340567,1478.1173,1544.7279,209,4
452,1447,7.9716716,17.530626,2563.8694,1.9324114,3.0890236,-0.9894553,0.07199917,0.11246086,0.37442645,1159.6873,2563.8694,209,4
456,1458,7.742629,17.334867,2260.3035,1.8032956,2.668379,3.5535285,0.07506885,0.11465504,0.32419813,1361.5715,2260.3035,213,3
457,1459,7.862354,16.784168,2173.5618,1.7655569,2.9173884,1.5593398,0.07352161,0.12363056,0.39481595,1234.2465,2173.5618,213,3
458,1460,7.7746363,16.836807,1329.3739,1.6238405,2.1498191,6.729707,0.09322981,0.12969813,0.24466182,1099.0109,1329.3739,213,3
462,1470,7.802207,17.042765,2229.8499,1.8720895,2.8215783,-3.403714,0.07265164,0.10295908,0.3365098,1308.7169,2229.8499,216,3
463,1471,7.898162,16.802763,2187.3376,1.5765363,2.5761814,3.6832402,0.066565566,0.112565674,0.38803366,1713.1315,2187.3376,216,3
464,1472,7.887692,17.435753,2218.3772,1.6600343,2.9530911,12.400029,0.07464054,0.1546874,0.43786553,1394.5032,2218.3772,216,3
480,1510,7.860511,17.18549,3587.8003,1.8877732,2.8862422,-4.656779,0.058072176,0.083969176,0.34594083,1717.6088,3587.8003,227,3
481,1511,7.8916025,17.660805,2113.9146,1.6906575,3.1624882,3.5899577,0.0727821,0.14515167,0.46540275,1232.398,2113.9146,227,3
482,1512,7.983867,16.980879,2986.3005,2.065786,2.8991098,-4.303187,0.06870981,0.09142586,0.2874413,1502.5446,2986.3005,227,3
486,1520,7.942479,17.147223,3162.9631,2.0351288,2.9560766,-2.8826818,0.06701459,0.093752496,0.31154394,1141.9551,3162.9631,231,3
487,1521,8.060484,17.070423,3964.7693,2.1419494,3.3142276,-11.615843,0.058126062,0.07331767,0.35371083,1559.3735,3964.7693,231,3
488,1522,7.889646,17.047066,2581.1667,1.760267,2.5375197,-1.2432271,0.065483324,0.09265797,0.3063041,1326.999,2581.1667,231,3
489,1524,8.027373,17.682064,2933.2979,1.8513145,3.0057232,3.042281,0.06689166,0.111934796,0.3840702,1458.5132,2933.2979,232,5
490,1525,7.9163113,17.088213,4813.8135,2.3227103,3.3651779,-19.900738,0.05244822,0.05299255,0.30978084,1657.0956,4813.8135,232,5
491,1526,7.897068,16.968082,2831.0564,1.6955385,2.6413612,2.628419,0.062124614,0.09843042,0.35808155,2042.3423,2831.0564,232,5
492,1527,7.900052,17.249506,3764.9526,1.9985533,2.9826028,-11.05652,0.056558695,0.07292919,0.3299298,1669.0485,3764.9526,232,5
493,1528,7.917708,17.503792,1906.5991,1.7926929,3.0603309,7.9502964,0.08569534,0.16563916,0.41421598,1128.1622,1906.5991,232,5
499,1543,7.935962,16.708326,4298.808,2.0697885,3.4068885,-7.4101005,0.056813795,0.08315353,0.39246956,1757.4034,4298.808,237,3
500,1544,7.8079147,17.240746,2765.129,1.8203408,2.7939336,0.8834643,0.066596076,0.10249942,0.34846672,1526.8241,2765.129,237,3
501,1545,7.8057985,16.908525,3207.4646,2.19244,3.0922427,1.3274701,0.07467214,0.106280066,0.29098707,1415.3304,3207.4646,237,3
502,1551,7.962485,17.022875,2250.013,1.9689533,2.6928566,2.7399664,0.08175912,0.114255615,0.26882356,1115.1582,2250.013,238,3
503,1552,8.000292,17.234468,3788.703,2.1409357,3.5719223,-15.300527,0.056681372,0.05670675,0.40062088,1353.3143,3788.703,238,3
504,1553,8.136753,16.810575,1743.6848,1.6517937,2.7069163,10.801958,0.08453001,0.15785673,0.38978767,1262.4847,1743.6848,238,3
505,1555,7.8453593,17.550293,3135.1658,1.7669458,3.4808254,2.77972,0.06149227,0.12629682,0.49237734,1627.4019,3135.1658,239,3
506,1556,7.903521,17.52022,2233.7297,1.5210869,2.5258734,15.226161,0.06853361,0.12921314,0.39779764,1925.7458,2233.7297,239,3
507,1557,7.9377365,17.171637,3001.3384,1.6674225,3.046496,3.1790388,0.059480157,0.11246909,0.45267528,1827.1892,3001.3384,239,3
511,1574,7.920523,16.53694,5028.37,1.9652128,4.4774265,6.8911214,0.05479994,0.14066285,0.5610843,1449.1487,5028.37,243,6
512,1575,8.0031185,17.098507,2754.739,1.5949115,4.4109745,9.751037,0.061939843,0.2233414,0.63842195,872.6847,2754.739,243,6
513,1576,8.141501,16.387291,3209.8752,1.8881944,2.9719887,2.963437,0.06506921,0.1050026,0.3646697,1510.5654,3209.8752,243,6
514,1577,8.048304,17.136887,5520.9595,2.290893,3.827518,-17.00969,0.051344175,0.05830554,0.4014677,1722.5337,5520.9595,243,6
515,1578,7.9277267,16.816868,2994.559,1.7241567,3.2098703,3.647421,0.061802197,0.120573886,0.4628578,1608.8313,2994.559,243,6
516,1579,7.7719884,16.964167,5009.967,2.121353,3.5892842,-13.228357,0.051926248,0.06890761,0.40897605,1684.3452,5009.967,243,6
521,1597,8.041986,16.931623,7190.4907,2.3468158,4.0028157,-21.957714,0.04579641,0.049260575,0.41370875,1976.6262,7190.4907,247,4
522,1598,7.88284,15.929512,2062.6167,1.6087788,2.4141002,8.331099,0.07285367,0.11674435,0.3335907,1146.2697,2062.6167,247,4
523,1599,7.7347555,16.474957,3697.5674,1.8966347,3.3874304,0.91964966,0.059874874,0.10754434,0.44009635,1588.9363,3697.5674,247,4
524,1600,7.766016,16.75742,5387.62,2.024694,3.829547,-4.5329757,0.05121571,0.08958736,0.47129673,1741.3829,5387.62,247,4
525,1603,7.8133893,16.055984,3616.0386,1.7688165,3.8200588,0.684555,0.056439966,0.122464344,0.53696615,1364.5856,3616.0386,248,12
526,1604,7.887533,16.41603,3358.0225,1.6695657,3.0960321,2.8920324,0.056088313,0.10697041,0.4607402,1787.9834,3358.0225,248,12
527,1605,7.849773,16.47963,3805.1614,2.010424,3.3363833,-2.2190943,0.061020084,0.0975204,0.3974242,1256.1263,3805.1614,248,12
529,1606,7.919963,16.121712,3821.9487,1.816957,2.5568993,-3.752236,0.05477986,0.074789934,0.28939047,1951.6051,3821.9487,248,12
530,1607,8.125198,15.340015,2872.3052,1.847449,2.6854708,4.262507,0.06815855,0.102041624,0.3120577,1751.3925,2872.3052,248,12
531,1608,7.8797936,16.29369,6346.0654,2.2891939,4.0345535,-13.72762,0.049971577,0.06767758,0.4326029,1671.4933,6346.0654,248,12
532,1609,7.860301,16.324902,2109.5154,1.6123471,2.848344,9.235045,0.07261578,0.14430116,0.43393528,1471.57,2109.5154,248,12
533,1610,7.856852,16.4416,4812.407,2.2100654,3.4073057,-10.920832,0.05554603,0.07347352,0.3513745,1775.2142,4812.407,248,12
534,1611,8.052418,16.301596,5168.2393,2.3422687,3.1308112,-17.24636,0.05314972,0.060243163,0.25186524,1591.3456,5168.2393,248,12
535,1612,7.70231,15.327592,2560.568,1.9519286,2.772817,-0.36444694,0.07323858,0.10306829,0.2960485,1125.6416,2560.568,248,12
536,1613,7.82103,16.755018,2929.5933,1.60389,2.6316059,8.255849,0.05970174,0.10431377,0.39052805,2248.4666,2929.5933,248,12
537,1614,7.872573,16.7619,2927.1338,1.8089904,2.7154608,0.94306064,0.064331405,0.09677633,0.33381826,1769.4398,2927.1338,248,12
543,1628,7.935208,16.750988,2208.2073,1.6298544,2.8009164,6.279804,0.069981076,0.12975095,0.41809958,1572.369,2208.2073,255,3
544,1629,7.903514,17.261965,3624.1504,1.9209764,3.2003694,-4.8863335,0.058615614,0.09020239,0.39976415,1702.1349,3624.1504,255,3
545,1630,7.8266177,17.123398,3636.0857,2.010798,3.7619197,-3.0918474,0.06192795,0.10741513,0.4654862,1255.0059,3636.0857,255,3
550,1641,7.9597993,16.863674,3201.988,1.8372486,2.856722,0.652069,0.06228152,0.096808106,0.3568683,1500.8987,3201.988,259,4
551,1642,8.015286,17.191315,3987.518,2.2892385,3.3977776,-5.3662863,0.065317415,0.08985936,0.32625416,1270.3512,3987.518,259,4
553,1643,7.9808893,17.00361,4648.2886,2.1672287,3.3300667,-10.093341,0.055856187,0.07493367,0.3491936,1341.885,4648.2886,259,4
554,1644,7.84985,16.777063,3788.4888,2.0429952,3.555564,-3.9788973,0.061178975,0.09841964,0.42540896,1126.9021,3788.4888,259,4
576,1688,8.021046,16.396297,1148.5789,1.528603,2.2439525,10.027245,0.09863404,0.16079663,0.31878996,1008.27527,1148.5789,279,3
577,1689,7.884955,16.590755,3959.5562,2.1902835,3.3240378,-17.065866,0.055491704,0.0567068,0.34107742,1401.1486,3959.5562,279,3
578,1690,7.9721723,16.794844,4603.2695,2.190752,3.9026618,-6.0632257,0.05855348,0.09195391,0.43865183,1596.1906,4603.2695,279,3
579,1693,7.7963166,16.356897,4085.2903,2.142203,3.1738725,-10.006483,0.058383025,0.07570198,0.32505068,1412.4044,4085.2903,280,3
580,1694,7.9493637,16.53553,1396.5938,1.6952109,2.572708,4.8478627,0.09284827,0.15058142,0.34107912,973.5146,1396.5938,280,3
581,1695,7.975338,17.090765,5636.3984,2.2188766,4.174456,-15.3885145,0.050477862,0.059838936,0.4684633,1636.9087,5636.3984,280,3
589,1747,7.9450316,17.168674,2275.3442,1.7808496,2.9066398,4.306664,0.07435712,0.12796894,0.38731673,1354.6049,2275.3442,287,8
590,1748,7.878504,16.522423,1749.8806,1.6753545,2.3366132,5.5197806,0.08142052,0.11852002,0.2829988,1412.731,1749.8806,287,8
591,1749,7.685721,16.803478,1982.6409,1.8582215,2.5359042,4.8315053,0.08434725,0.11959837,0.2672351,1278.4113,1982.6409,287,8
592,1750,7.867834,16.405317,2539.4297,1.9456964,3.0788283,0.19754148,0.07375828,0.11631705,0.36804,979.2977,2539.4297,287,8
593,1751,7.8371596,16.533278,1992.5197,1.7403516,3.9920444,5.2128124,0.07869389,0.2133634,0.564045,842.9263,1992.5197,287,8
594,1752,7.824094,16.573112,2673.7603,1.9499013,3.1142173,1.0526867,0.07265393,0.11711462,0.37387112,1331.5748,2673.7603,287,8
595,1753,7.726423,16.79126,3556.7717,2.2467787,3.6306963,-3.759424,0.06882061,0.10311268,0.3811714,1154.3112,3556.7717,287,8
596,1754,7.6305594,16.894732,2352.0393,2.1030192,2.9357176,1.0083596,0.08365251,0.11767816,0.2836439,1004.30493,2352.0393,287,8
599,1761,7.792594,17.561827,6623.4795,2.255732,5.8885293,-13.131983,0.04872141,0.021926757,0.61692774,1087.7269,6623.4795,290,3
600,1762,7.701727,17.143051,3222.7917,2.247718,2.792684,-5.5263405,0.070430525,0.08387233,0.19514057,1370.103,3222.7917,290,3
601,1763,7.805679,17.168657,4222.06,1.9022843,3.2334661,-5.8525934,0.053772047,0.083917126,0.41168883,2091.5332,4222.06,290,3
602,1774,7.898391,16.816568,2844.5513,1.9102736,2.8349092,-1.004314,0.06766465,0.09868286,0.32616058,1620.9327,2844.5513,291,3
603,1775,7.9148397,16.053774,3269.1248,2.0518188,3.1776998,-0.878829,0.06777367,0.10317314,0.3543069,1460.6808,3269.1248,291,3
604,1776,7.85815,17.164606,3631.5645,2.0815833,3.2404344,-4.858175,0.06295036,0.09103904,0.35762215,1482.3474,3631.5645,291,3
605,1783,7.9053364,16.41671,2394.9814,1.8053699,2.73337,1.080996,0.07119244,0.108425885,0.3395077,1261.357,2394.9814,292,7
606,1784,7.986469,17.307596,1211.2579,1.4508413,2.2756612,10.349889,0.09011938,0.15894726,0.36245286,1135.1008,1211.2579,292,7
607,1785,8.034366,17.337189,2397.886,1.982224,3.1235518,2.3334055,0.07923498,0.12870735,0.36539423,1031.338,2397.886,292,7
608,1786,7.848975,16.085287,3490.382,1.8774599,4.765707,-4.5819516,0.05856141,0.11574743,0.606048,1022.0745,3490.382,292,7
609,1787,8.040587,16.853464,2308.7007,1.829025,3.2079322,5.8809776,0.0770218,0.14814101,0.429843,1220.4342,2308.7007,292,7
610,1788,7.8345156,16.291012,2516.9524,1.8714453,3.0404923,2.493264,0.07293542,0.12205876,0.38449267,1319.4861,2516.9524,292,7
611,1789,7.783794,16.895594,1496.9315,1.344722,2.4876518,13.119888,0.07447204,0.16270593,0.4594412,1442.0961,1496.9315,292,7
618,1803,7.9381075,17.4062,2212.2983,1.7908864,3.0550144,7.863719,0.07850538,0.14931536,0.4137879,1316.9865,2212.2983,298,7
619,1804,8.007212,16.365202,2489.6536,1.6667469,2.7960427,4.533178,0.066237554,0.11652866,0.40389076,1702.8088,2489.6536,298,7
620,1805,8.047141,16.791103,2383.829,1.6338733,2.7845774,5.4385066,0.06686226,0.121013194,0.4132419,1770.9435,2383.829,298,7
621,1806,7.8792777,16.661177,2456.6404,1.8698537,2.671431,4.863661,0.0754987,0.11207629,0.3000554,1559.7106,2456.6404,298,7
622,1807,7.9207835,16.918097,3951.9426,2.219545,3.9209042,-12.981873,0.058810078,0.06264401,0.43392015,1207.4956,3951.9426,298,7
623,1808,7.9551497,17.188223,1259.1825,1.3088976,2.7341838,8.182254,0.07687741,0.19017509,0.521284,1104.4194,1259.1825,298,7
624,1809,7.996445,16.681587,1119.1356,1.2088522,2.3462129,10.7811165,0.07707025,0.1768179,0.4847645,1292.428,1119.1356,298,7
628,1823,7.684574,15.611371,2940.0234,2.1329644,2.845062,-7.046915,0.068725966,0.084553614,0.25029248,1217.7031,2940.0234,302,5
629,1824,7.6773224,16.584244,2779.5676,2.0003674,2.717784,-4.926489,0.068486325,0.08812871,0.26397115,1110.423,2779.5676,302,5
630,1825,7.85014,16.745161,1359.4124,1.3969336,2.907813,12.031947,0.081712246,0.21492796,0.51959306,1042.4952,1359.4124,302,5
631,1826,7.88771,15.851533,1881.5308,1.5598273,2.8795009,10.757872,0.075647205,0.16290954,0.4582994,1278.7913,1881.5308,302,5
632,1827,7.868788,16.556273,2426.0354,1.5656761,2.7678735,5.0392747,0.06317651,0.11803121,0.43433973,1532.7314,2426.0354,302,5
654,1889,7.927915,16.835207,1817.9376,1.7532415,2.8253255,-1.3622066,0.077255234,0.12011395,0.37945503,1091.9089,1817.9376,319,4
655,1890,7.860228,17.28733,2921.8252,1.9136708,2.631484,-0.8432846,0.06699395,0.09101758,0.27277887,1537.3696,2921.8252,319,4
656,1891,7.976896,17.856024,3606.2417,2.1782134,3.2966306,-5.999418,0.064958386,0.089533724,0.33926073,988.20056,3606.2417,319,4
657,1892,7.828128,16.943914,3421.2654,1.9686586,2.7721822,-3.2681212,0.062404964,0.08500772,0.2898524,1934.8276,3421.2654,319,4
658,1896,7.856421,17.373842,2250.6577,1.9001969,2.6770341,4.4389267,0.08023059,0.11733877,0.29018578,1089.8306,2250.6577,320,3
659,1897,8.279589,17.831556,1925.0126,1.7178004,2.724313,4.5403776,0.07855695,0.1316491,0.36945558,1163.079,1925.0126,320,3
660,1898,8.148282,17.394634,5528.476,2.283354,3.5386395,-20.372154,0.04966524,0.052757416,0.35473675,1511.4729,5528.476,320,3
664,1910,8.055221,16.692188,1488.1636,1.5395406,2.7850332,5.1495023,0.08102828,0.16097957,0.44720924,888.042,1488.1636,323,3
665,1911,8.1101,17.611431,5010.673,1.8722485,2.8010883,1.9647079,0.05096223,0.076642126,0.33159962,3008.6367,5010.673,323,3
666,1912,7.824274,17.82193,2961.0842,1.8034017,3.44415,2.5988805,0.064583406,0.12833433,0.476387,1504.9728,2961.0842,323,3
676,1939,7.6410136,15.122314,1976.2955,1.7185885,3.5991066,2.7740042,0.07611114,0.17182076,0.5224958,841.3838,1976.2955,330,4
677,1940,7.825219,16.87193,2309.0376,1.9997874,3.1687014,-2.701173,0.07656337,0.11392642,0.36889368,887.2487,2309.0376,330,4
678,1941,7.7533865,16.81523,1264.4512,1.6102108,2.514585,7.294049,0.095746115,0.16560909,0.35965148,973.1858,1264.4512,330,4
679,1942,7.9216166,17.131271,1998.7162,1.8001593,2.5990903,3.0125217,0.07957231,0.11805938,0.3073887,1390.8685,1998.7162,330,4
685,1957,7.760529,17.348267,2773.2744,1.824357,3.2134223,5.0000544,0.06895143,0.12994835,0.43226975,1467.4338,2773.2744,334,5
686,1958,7.8920536,18.034796,4816.709,2.2458346,4.093951,-12.142121,0.05561615,0.07049887,0.45142615,1312.2256,4816.709,334,5
687,1959,7.6957574,17.641922,6305.381,2.2735698,3.2282586,-12.582383,0.05022897,0.06456144,0.2957287,1926.8221,6305.381,334,5
688,1960,7.8653564,17.0651,2730.8809,2.231737,2.8055534,0.4587549,0.08168539,0.102723934,0.20452882,1106.7164,2730.8809,334,5
689,1961,7.895616,16.999018,1194.5836,1.6467437,2.4742787,6.097443,0.09998635,0.16352378,0.33445507,925.72174,1194.5836,334,5
695,1975,7.9122467,17.34695,2953.6382,1.8597784,2.5988622,1.2639192,0.06599484,0.0925811,0.28438744,1327.2546,2953.6382,339,3
696,1976,7.840207,17.098846,5018.403,2.330074,4.219186,-6.588325,0.05921218,0.09200724,0.4477432,1403.8796,5018.403,339,3
697,1977,7.9455724,17.37619,5545.222,2.6449215,3.9853175,-18.927582,0.05466712,0.048477978,0.33633354,1237.913,5545.222,339,3
701,1987,8.048407,17.294151,4554.7617,2.4299655,3.0425508,-20.281918,0.053966347,0.054809533,0.20133938,1608.1414,4554.7617,343,3
702,1988,7.8557186,16.86864,1887.0226,1.4811137,1.951518,8.342469,0.07000717,0.09548047,0.24104537,2083.7537,1887.0226,343,3
703,1989,7.8622017,17.137676,1977.9662,1.5890846,2.8565936,12.062777,0.07578646,0.1592168,0.44371346,1447.6578,1977.9662,343,3
720,2046,8.164453,17.182417,1328.1592,1.4903116,2.1312468,8.806222,0.08661053,0.13323568,0.3007325,1199.9539,1328.1592,357,3
721,2047,8.18005,17.275751,2899.827,2.2581367,3.4416993,-3.697077,0.07590032,0.10715135,0.343889,934.2126,2899.827,357,3
722,2048,7.915327,17.791502,4403.739,2.2355428,5.600343,-7.866664,0.059799362,0.07229176,0.6008204,880.05273,4403.739,357,3
754,2232,7.9147344,15.824154,1791.5251,1.7557137,2.354798,6.0591536,0.08505426,0.11906536,0.2544101,948.109,1791.5251,384,4
755,2233,7.7253857,17.256113,2076.7793,1.6446882,2.7758474,4.0014825,0.07166833,0.12713622,0.40750048,1149.1095,2076.7793,384,4
756,2234,7.8510833,17.255888,3270.613,1.9667073,3.1354198,-2.6529825,0.06403811,0.09773732,0.37274513,1119.2427,3270.613,384,4
757,2235,8.032509,16.586046,2962.634,1.9743625,3.5385795,-1.4546512,0.068163075,0.117490225,0.44204658,1203.6221,2962.634,384,4
796,2541,7.719341,16.603048,4337.4956,1.9438628,2.684109,-5.5223284,0.05427408,0.072044134,0.27578843,2551.4375,4337.4956,414,6
797,2542,7.896187,16.795565,4005.419,1.7936629,2.9166887,0.39317697,0.054252017,0.08784356,0.3850345,2402.1191,4005.419,414,6
798,2543,7.8976703,16.683737,3048.1328,1.8450906,2.5169277,1.6366607,0.06462193,0.088608444,0.26692745,1513.501,3048.1328,414,6
799,2544,7.8380656,16.824467,4666.854,2.2077081,2.8103378,-10.199347,0.056554127,0.067685135,0.21443318,2061.8086,4666.854,414,6
801,2545,7.9832125,16.943836,2727.416,1.8902208,2.6047437,0.27165878,0.0692169,0.09507883,0.27431604,1290.0574,2727.416,414,6
802,2546,7.851279,16.98006,2913.3298,2.046168,3.203755,-2.2088277,0.07051905,0.10596131,0.3613219,1272.9231,2913.3298,414,6
812,2570,8.484181,6.0015554,1154.3114,1.5942903,2.458037,3.5394673,0.09490024,0.15452199,0.35139695,832.8222,1154.3114,422,3
813,2571,8.665308,6.2099924,1282.4056,1.4394927,1.6019833,6.7684526,0.08329073,0.093802236,0.1014309,1425.7502,1282.4056,422,3
814,2572,8.474686,5.7960877,1197.611,1.6756594,2.0477118,3.7348673,0.098374896,0.12284147,0.1816918,1036.9828,1197.611,422,3
816,2581,8.502752,6.4183226,786.90735,1.5622932,1.9683952,8.860937,0.1264415,0.1707369,0.20631124,834.5405,786.90735,424,6
817,2582,8.630691,5.7622175,1311.607,1.4731971,2.3742936,8.096173,0.08550282,0.15247671,0.37952194,1135.081,1311.607,424,6
818,2583,8.039592,6.64661,2659.5981,2.0814714,3.0183945,-6.9506726,0.07028731,0.09008939,0.31040442,991.78284,2659.5981,424,6
819,2584,8.142611,6.200314,1452.662,1.866964,2.3464186,6.9451246,0.10412668,0.13728574,0.20433466,938.0754,1452.662,424,6
820,2585,8.502794,6.0162487,992.5764,1.7488303,1.666301,4.8398337,0.1170107,0.11074379,0.047191147,1008.1305,992.5764,424,6
821,2586,8.474091,6.853654,2394.6755,2.4117098,2.895564,1.2304516,0.09557772,0.11552424,0.1671019,981.59845,2394.6755,424,6
828,2679,7.8658886,16.966896,5560.3125,2.3797321,3.5592694,-19.97354,0.051012356,0.053607374,0.3313987,1619.1904,5560.3125,431,3
829,2680,7.7545586,16.689142,3753.2505,1.9481165,2.866929,-7.8817043,0.05701878,0.07698453,0.32048666,1428.3562,3753.2505,431,3
830,2681,7.689891,16.918127,1537.2133,1.7856792,2.711514,6.985974,0.095702596,0.15941972,0.34144568,836.5559,1537.2133,431,3
